arxiv,date,cites,title,authors,flags,sources,doi,abstract_400
2608.27014,2026-08-27,,Conformal Cyclic Cosmology from Varying Fundamental Constants,Konrad Marosek; Adam Balcerzak,bimetric,arxiv:bimetric_recent,,"We investigate a bimetric cosmological model in which the gravitational and matter sectors are described by distinct metrics related through a time-dependent function $α(t)$. This relation leads to dynamical gravitational parameters, with $G(t)\proptoα^{-3}$ and $c_{\rm grav}(t)\proptoα^{-1}$, where $c_{\rm grav}$ denotes the propagation speed of gravitational interactions. We consider a class of "
2608.13529,2026-08-13,0,Vector Perturbations in Ghost-Free Quasidilaton Massive Gravity,"Kulchoakrungsun, Ekapob; Samart, Daris","varying,scalar-coupled,ghost",inspire:citing_1206.3852;inspire:ft_higuchi_varying,,"We study transverse vector perturbations in ghost-free extended quasidilaton massive gravity without a quasidilaton kinetic term, in the presence of minimal matter. In vacuum, we recover the known result that the kinetic coefficient $K_V$ of the gravitational vector modes vanishes on the self-accelerating branch $J=0$, so those modes are infinitely strongly coupled at linear order. We then add a c"
2608.11086,2026-08-11,0,Distance-Higuchi Bounds on Inflationary Field Ranges and Lifetimes,"Anchordoqui, Luis A.; Antoniadis, Ignatios; Bedroya, Alek","higuchi,scalar-coupled",arxiv:higuchi_all;inspire:citing_1308.1647;inspire:ft_genhiguchi,,"We show that quasi-de Sitter inflation driven by a nearly flat scalar potential has a finite polynomial lifespan dictated by the interplay between the swampland Distance Conjecture and the generalized Higuchi bound. By analyzing classical scalar rolling and quantum stochastic diffusion, we demonstrate that for any arbitrarily high but fixed statistical confidence, a universe cannot live longer tha"
,2026-07-30,0,Theoretical and phenomenological aspects of multi-gravity,"Wood, Kieran","bimetric,scalar-coupled",inspire:citing_1206.3852;inspire:citing_1308.1647;inspire:citing_1404.0008;inspire:citing_1407.4331;inspire:citing_1503.07436,,"For well over a century, general relativity (GR) has remained our leading descriptor of the gravitational interaction, passing all observational tests to within a remarkable degree of precision. Despite its many successes, viable alternatives to GR have long been sought, as it is firstly a crucial task to develop theories of gravity for us to test GR against, and as there secondly remain multiple "
2607.24347,2026-07-27,,Multi-gravity cosmology beyond pairwise interactions,J. Flinckman,"bimetric,ghost",arxiv:bimetric_recent,,"We develop the cosmological framework for Hassan--Schmidt-May multi-gravity, a ghost-free extension of bimetric theory with genuinely non-pairwise interactions of multiple spin-2 fields. For metrics that are simultaneously homogeneous and isotropic, the background dynamics reduce to a modified Friedmann equation supplemented by a system of coupled quartic polynomial equations for the scale-factor "
2606.25154,2026-06-23,1,Diffeomorphic Scalar Duality,"de Rham, Claudia; Tolley, Andrew J.","varying,scalar-coupled",inspire:citing_1308.1647,,"We show that every local scalar effective field theory admits a new kind of duality to an infinite class of local scalar field theories with distinct Lagrangians. The duality map takes the form of a field-dependent diffeomorphism, and cannot be obtained via purely local field redefinitions, nevertheless the dual theory has an identical $S$-matrix. The subset of interactions that maintain second-or"
2603.03433,2026-03-03,41,The COSMIC WISPers White Paper: The physics case for Weakly Interacting Slim Particles,"Arza, A.; Aybas, D.; Balaji, S.; Balkin, R.",,inspire:citing_1702.04490,,"Axions and other very weakly interacting slim particles (WISPs), with masses below 1 GeV, arise naturally in many extensions of the Standard Model of particle physics. In particular, they could offer a new framework to explain the nature of dark matter and may help address a range of puzzling observations in astrophysics and particle physics. This review provides an overview of ongoing WISP search"
,2026-02-27,0,Theoretical and phenomenological aspects of gravitational waves in Hassan-Rosen bimetric theory,"Soler Oficial, Araceli",bimetric,inspire:citing_1206.3852;inspire:citing_1308.1647;inspire:citing_1404.0008;inspire:citing_1407.4331;inspire:citing_1410.0207;inspire:citing_1503.07436,,"This thesis explores the theoretical foundations and phenomenological implications of the Hassan-Rosen bimetric gravity theory, analyzing perturbations on cosmological and black-hole backgrounds, and considering its connections to broader theoretical frameworks in gravitational physics. First, within cosmological settings, the coupled dynamics of the massless and massive spin-2 modes are analyzed "
2602.20734,2026-02-24,1,Bypassing the Lyth Bound with Entangled Gravitons: Primordial Signatures and Late-Time Noise,"Akama, Shingo; Lin, Chunshan",,inspire:citing_1206.3852;inspire:citing_1407.4331,,"We demonstrate that quantum entanglement between primordial gravitons in dynamically decoupled gravitational sectors can parametrically enhance the tensor power spectrum during inflation. Unlike standard mechanisms relying on classical dynamics or modified actions, this enhancement originates from the reduced density matrix of the observable sector after tracing over a hidden gravitational reservo"
2602.09089,2026-02-09,24,WISPedia -- the WISPs Encyclopedia,"Albertus, Conrado; Chadha-Day, Francesca; de Giorgi, Arturo; Dejrah, Rafid H.",,inspire:citing_1702.04490,,"The Weakly-Interacting Slim Particle encyclopedia (WISPedia) is a comprehensive reference work dedicated to the systematic compilation of theoretical models, Effective Field Theories, and frameworks involving Weakly Interacting Slim Particles (WISPs): a broad class of light, feebly coupled particles proposed in extensions of the Standard Model. In current times, where the number of models largely "
2602.03110,2026-02-03,,Evidence for deviation in gravitational light deflection from general relativity at cosmological scales with KiDS-Legacy and CMB lensing,Guo-Hong Du; Tian-Nuo Li; Tonghua Liu; Jing-Fei Zhang,,arxiv:idlist_status,,"General relativity (GR) faces challenges from cosmic acceleration and observational tensions, necessitating stringent tests at cosmological scales. In this work, we probe GR deviations via a $μ$--$Σ$ modified gravity parameterization, integrating KiDS-Legacy weak lensing (WL) data (1347 deg$^2$, $z\leq 2.0$), joint cosmic microwave background (CMB) data from Planck, ACT, and SPT, DESI DR2 baryon a"
2601.15201,2026-01-21,2,Effects of massive spin-2 fields on gravitational wave propagation,"Cembranos, Jose A.R.; Cendal, Álvaro; Villarrubia-Rojo, Hector",bimetric,arxiv:idlist_status;inspire:citing_1410.0207,10.1088/1475-7516/2026/06/008,"Massive spin-2 fields in addition to the standard massless graviton arise naturally in extensions of general relativity, such as massive bigravity or models with extra dimensions. This work explores the observational signatures of these fields on the propagation of gravitational waves. Adopting a phenomenological framework consistent with such theories, we derive an analytical transfer function in"
,2026,0,Aspects of scattering amplitudes in scalar effective field theories,"Li, Yang",scalar-coupled,inspire:citing_1308.1647,,"Quantum field theory provides a fundamental framework for describing interactions among elementary particles. Its central observables, scattering amplitudes, encode precise quantitative information about particle scattering processes. In this thesis, we investigate the scattering amplitudes of a class of scalar field theories, treating them as analytic functions and uncovering a range of nontrivia"
2512.19041,2025-12-22,2,Gravitational production of massive spin-2 particles during reheating,"Verner, Sarunas",,inspire:ft_genhiguchi,10.1103/3st2-jhx5,"We study the minimal gravitational portal for a massive spin-2 dark matter candidate <math display=""inline""><msub><mi>X</mi><mrow><mi>μ</mi><mi>ν</mi></mrow></msub></math> produced during perturbative reheating. The dark sector couples to the visible sector only via gravity, and we analyze two unavoidable channels: (i) inflaton condensate annihilation, <math display=""inline""><mi>ϕ</mi><mo>+</mo><m"
2512.15234,2025-12-17,,A bigravity model from noncommutative geometry,Marco de Cesare; Mairi Sakellariadou; Araceli Soler Oficial,"bimetric,ghost",arxiv:bimetric_recent,,"Noncommutative gravity, based on a twist-deformation of the differential geometry of spacetime and a first-order formulation of the dynamics, requires additional gravitational degrees of freedom as well as an enlargement of the gauge group of Lorentz transformations of the tetrad frame. As such, it offers a theoretical playground to build fundamentally motivated extensions to general relativity. T"
2512.09353,2025-12-10,,Bimetric MOND as a framework for variable-$G$ theories -- local systems and cosmology,Mordehai Milgrom,bimetric,arxiv:bimetric_recent,,"Bimetric MOND (BIMOND) is used as a platform for variable-$G$ theories that have MOND-specific idiosyncrasies. E.g., MOND premises dictate return to standard dynamics in the high-acceleration limit, predicting the standard value of $G$ for high-acceleration systems. This automatically ensures compliance of such theories with all the constraints on inconstancy of $G$ that emerge from the study of h"
2511.14055,2025-11-18,1,A non-local origin for massive gravity and late-time acceleration,"Mandal, Susobhan; Shankaranarayanan, S.","scalar-coupled,ghost",inspire:citing_1206.3852,10.1088/1361-6382/ae2059,"The accelerated expansion of the universe poses a significant challenge to General Relativity. Non-local modifications to gravity have emerged as a compelling class of theories to address this dark energy puzzle. Building upon earlier proposals, we investigate a specific non-local modified gravity action incorporating terms like $R\Box^{-2}R$, $R^{μν}\Box^{-2}R_{μν}$, $R^{μνσδ}\Box^{-2}R_{μνσδ}$ a"
2511.13562,2025-11-17,2,Bimodular gravity: vacuum evolution with a frame-dependent phantom crossing,"Hallam, James; Magueijo, João",scalar-coupled,inspire:t_bimetric_scalar,10.1088/1475-7516/2026/09/039,"Unimodular gravity recasts the cosmological constant as an integration constant, fixed by a constraint on the volume element rather than chosen in the action. We ask what becomes of this constant when matter couples not to the gravitational metric, but to a second metric disformally related to it through a scalar field. Imposing a volume constraint on each metric, we find a theory in which the sca"
2511.14811,2025-11-17,,Characterization of exotic matter in PT-symmetric wormholes,Hicham Zejli,bimetric,arxiv:bimetric_recent,,"In our previous work [H. Zejli, Int. J. Mod. Phys. D 34, 2550052 (2025), arXiv:2508.00035], we introduced a PT-symmetric wormhole model based on a bimetric geometry, capable of generating closed timelike curves (CTCs). In this paper, we extend the analysis to the null hypersurface at the throat of this modified Einstein-Rosen bridge, where two regular Eddington-Finkelstein metrics render the geome"
2511.11929,2025-11-14,,Symmetric Bimetric Cosmology: A Minimal Extension of ΛCDM,Ghani Imadouchene,"bimetric,scalar-coupled",arxiv:bimetric_recent;arxiv:idlist_2,,"We construct and analyze a symmetric bimetric cosmological model connecting Anti-de Sitter (AdS) and de Sitter (dS) regimes through a coupled scalar field. Starting from a Lagrangian with Einstein-Hilbert terms for two FLRW metrics and an inter-metric potential, we derive modified Friedmann and Klein-Gordon equations governing their evolution. In the symmetric effective-fluid limit, the model repr"
2511.10263,2025-11-13,4,Confronting dark energy in Harada's Conformal Killing Gravity with observational data,"Khodadi, Mohsen; Lambiase, Gaetano; Firouzjaee, Javad.T.",,inspire:citing_1308.1647,10.1016/j.jheap.2025.100512,"Based on a comprehensive analysis of recent observational data—a combination of DESI DR1, Planck CMB, and Pantheon+ SN Ia—this study critically evaluates the two dark energy (DE) proposals within Harada's Conformal Killing Gravity (CKG) model. The model at question predicts either a dominant phantom-type effective DE component with EoS <math altimg=""si1.svg""><mi>ω</mi><mo linebreak=""goodbreak"" lin"
2511.03707,2025-11-05,,Stellar Bounds on Light Spin-2 Particles in Bimetric Theories,Camilo García-Cely; Andreas Ringwald,bimetric,arxiv:bimetric_recent,,"Using the bimetric formalism, we compute the production and emission rates of light spin-2 particles in non-degenerate stellar interiors through photoproduction and bremsstrahlung processes, including the effects of plasma screening. By comparing the resulting energy-loss rates with observational limits on stellar cooling, we derive bounds on the coupling strength and mass of the spin-2 particle. "
,2025-10-01,0,"ON MASSIVE GRAVITONS, ATMOSPHERIC TURBULENCE, AND RATS. a holistic study of dark matter signals and backgrounds in atom interferometry","Carlton, John",varying,inspire:citing_1308.1647,,"Terrestrial long-baseline atom interferometers are proposed as exception-ally sensitive instruments capable of searching for ultra-light dark matter, gravitational waves, and other new fundamental physics. Coming online in the next decade, it is essential to maximise the utility of these experiments, ensuring that the signals and backgrounds they measure are well understood.We start with expanding"
2509.15055,2025-09-18,3,New formalism for perturbations of massive gravity theories around arbitrary background spacetimes,"Wood, Kieran",ghost,inspire:citing_1206.3852;inspire:citing_1308.1647;inspire:citing_1404.0008;inspire:citing_1410.0207;inspire:citing_1503.07436,10.1103/vspq-pkfy,"We develop a new technique for studying the perturbations of dRGT-type massive gravity theories around arbitrary background spacetimes. Built initially from the vielbein formulation of the theory, but switching back to the metric formulation afterward, our approach bypasses many of the complications that arise in previous metric formulation approaches to linearizing massive gravity around generic "
,2025-09-15,0,On the asymptotic global structure of duality frames in quantum gravity,"Ruiz García, Ignacio",,inspire:citing_1308.1647,,"En esta tesis investigamos la estructura asintótica global de los espacios de parámetros en teorías efectivas de campos consistentes con Gravedad Cuántica. Esto se hace en conexión con el programa del Swampland (en castellano la Ciénaga o el Pantano), y más precisamente con la Conjetura de la Distancia, estudiando la disposición global de las torres de estados ligeros y los marcos de dualidad a lo"
2509.04261,2025-09-04,4,Topological charge and black hole photon spheres in massive gravity,"Yerra, Pavan Kumar; Bhamidipati, Chandrasekhar",,inspire:citing_1308.1647,10.1088/1361-6382/ae5750,"In this paper, we investigate the existence and nature of the photon spheres (PS) in the background of four dimensional static and spherically symmetric black holes in the de Rham–Gabadadze–Tolley massive gravity theory. Apart from the known case of one PS, there are regions in the parameter space of massive gravity where either two or no PS’s exist outside the event horizon. Topological arguments"
2507.21542,2025-07-29,0,Stable Cosmology from Minimal Theory of Mass-Varying Massive Gravity,"Falah, Ahmad Khoirul; Latief, Andy Octavian; Alatas, Husin; Gunara, Bobby Eka","varying,scalar-coupled,ghost",arxiv:idlist_status;inspire:citing_1206.3852;inspire:ft_higuchi_varying,,"We study cosmological perturbations in the minimal theory of mass-varying massive gravity (MTMVMG), a constrained extension of mass-varying massive gravity that propagates only three physical degrees of freedom. We show that MTMVMG admits a stable cosmological solutions i.e. free from ghost, gradient, and tachyonic instabilities around the homogeneous and isotropic background. We further demonstra"
2507.11526,2025-07-15,3,Gravitational wave propagation in bigravity in the late universe,"Brizuela, David; de Cesare, Marco; Soler Oficial, Araceli","bimetric,ghost",arxiv:idlist_status;inspire:citing_1206.3852;inspire:citing_1308.1647;inspire:citing_1404.0008;inspire:citing_1407.4331;inspire:citing_1410.0207;inspire:ft_higuchi_bimetric_2016,10.1088/1475-7516/2026/01/048,"We carry out a detailed analytical investigation of the propagation of gravitational waves in ghost-free bimetric gravity in a late-time de Sitter epoch. In this regime, the dynamical equations for the massless and massive graviton modes can be decoupled and solved exactly. We provide uniform approximations for the modes in terms of elementary functions, which are valid on all scales and for all v"
2507.03743,2025-07-04,47,Bimetric gravity improves the fit to DESI BAO and eases the Hubble tension,"Högås, Marcus; Mörtsell, Edvard",bimetric,arxiv:bimetric_desi;arxiv:idlist_status;inspire:citing_1308.1647;inspire:citing_1404.0008;inspire:ft_higuchi_bimetric_2016,10.1103/zz5k-kzzk,"We investigate whether the latest combination of the dark energy spectroscopic instrument (DESI) Year 3 data release (DR2) baryon acoustic oscillation measurements, cosmic microwave background (CMB) data (Planck <math display=""inline""><mrow><mn>2018</mn><mo>+</mo><mi>ACT</mi></mrow></math>), and Type Ia supernovae (SNe Ia) compilations (Pantheon+, Union3, and DES Y5) favor a dynamical dark energy "
2507.02059,2025-07-02,1,Do Pulsar Timing Datasets Favor Massive Gravity?,"Choi, Chris; Kahniashvili, Tina",,inspire:citing_1407.4331,,"Several observational phenomena suggest that the standard model of cosmology and particle physics requires revision. To address this, we consider the extension of general relativity known as massive gravity (MG). In this Letter, we explore the imprints of MG on the propagation of gravitational waves (GWs): their modified dispersion relation and their additional (two vector and one scalar) polariza"
2506.24002,2025-06-30,0,Line-of-sight acceleration as a test of the Galactic Yukawa potential,"da Silva Barbosa, Felipe A.; Amendola, Luca; Rodrigues, Davi C.; Capuzzo-Dolcetta, Roberto",,inspire:citing_1407.4331,10.1016/j.dark.2025.102087,"We forecast the impact of direct radial acceleration measurements, based on two redshift measurements of the same target one decade apart, on constraining the Yukawa correction to the Newtonian potential in the Milky Way. The Galaxy’s matter distribution is modeled as the sum of a spherical bulge, a spherical dark matter halo, and two axially symmetric disks. Considering a sample of 165 Milky Way "
2505.03870,2025-05-06,11,Dynamical Dark Energy Emerges from Massive Gravity,"Smirnov, Juri",,inspire:citing_1308.1647;inspire:citing_1404.0008;inspire:citing_1503.07436,,"In this work, we demonstrate that a dynamical dark energy component predicted by massive gravity gives rise to a distinctive evolution of the equation of state. This scenario is favoured over the standard $\Lambda$CDM model when confronted with the latest combined datasets from the Dark Energy Spectroscopic Instrument (DESI), the cosmic microwave background (CMB), and supernova observations. The m"
2503.19442,2025-03-25,,KiDS-Legacy: Consistency of cosmic shear measurements and joint cosmological constraints with external probes,Benjamin Stölzner; Angus H. Wright; Marika Asgari; Catherine Heymans,,arxiv:idlist_status,,"We present a cosmic shear consistency analysis of the final data release from the Kilo-Degree Survey (KiDS-Legacy). By adopting three tiers of consistency metrics, we compare cosmological constraints between subsets of the KiDS-Legacy dataset split by redshift, angular scale, galaxy colour and spatial region. We also review a range of two-point cosmic shear statistics. With the data passing all ou"
2503.16598,2025-03-20,6,Dynamically induced spin-2 mass in a Weyl-invariant framework,"Gialamas, Ioannis D.; Tamvakis, Kyriakos","bimetric,scalar-coupled,ghost",arxiv:bimetric_scalar;arxiv:idlist_2;inspire:citing_1407.4331;inspire:citing_1410.0207,10.1103/hwht-srsz,"We combine the ghost-free bimetric theory of gravity with the concept of local Weyl invariance, realized in the framework of Einstein-Cartan gravity. The gravitational sector, characterized by two independent metrics and two independent connections, is coupled to a scalar field that can in principle develop a nonvanishing expectation value through radiative corrections. The spectrum of the model, "
2502.01687,2025-02-02,0,Gravitational Waves beyond the Linear Approximation and Gravitational Wave Reflection,"Atanasov, Victor; Saxena, Avadh",,inspire:citing_1702.04490;inspire:citing_1711.04655,10.1007/s10773-025-05996-6,"We derive a relativistic field equation for the trace of the metric perturbation beyond the weak field approximation to the Einstein field equations. The dynamics is governed by a massive Klein-Gordon equation on curved space-time, where the effective mass of the field is associated with the material and the dark energy content via the cosmological term. We solve the equation in the case of a Schw"
2501.16984,2025-01-28,2,Dipolar perturbations of nonbidiagonal black holes in bigravity,"Brizuela, David; de Cesare, Marco; Soler Oficial, Araceli",bimetric,inspire:citing_1404.0008,10.1103/PhysRevD.111.084084,"In bimetric gravity, nonbidiagonal solutions describing a static, spherically symmetric, and asymptotically flat black hole are given by a pair of Schwarzschild geometries, one in each metric sector. The two geometries are linked by a nontrivial diffeomorphism, which can be fully determined analytically if the two geometries possess the same isometries. This exact solution depends on four free par"
2501.11939,2025-01-21,,Trace-free Einstein gravity as a constrained bigravity theory,Merced Montesinos; Diego Gonzalez,bimetric,arxiv:bimetric_recent,,"Trace-free Einstein gravity is a prominent alternative to general relativity, which has two versions: one in which the energy-momentum conservation is assumed a priori and another in which it is not. In the first version, the cosmological constant arises as an integration constant. We report two diffeomorphism-invariant actions for trace-free Einstein gravity in which the energy-momentum conservat"
2412.17191,2024-12-22,,Plebański-Demiański solutions in bigravity and Kerr-Schild double copy relations using an effective metric,Hugo García-Compeán; César I. Ramos,bimetric,arxiv:bimetric_recent,,"In this work a formalism for proportional generalized double Kerr-Schild ansatz in bigravity is considered, where both metrics are coupled to matter. We study time-dependent and stationary solutions in the framework of the Kerr-Schild classical double copy and obtain the classical Kerr-Schild for the double, single and zeroth copy equations. For the time-dependent case, we use AdS waves solutions "
2412.14749,2024-12-19,,New Modes for Vector Bosons in the Static Patch,Adel A. Rahman; Leonard Susskind,higuchi,arxiv:higuchi_all,,"We consider a massive vector Boson in a static patch of $D$-dimensional de Sitter space (dS$_D$). We argue that this field is controlled by an effective physical (squared) mass $μ_{\mathrm{v}}^2 = m_{\mathrm{v}}^2 + 2(D-1)\ell_{\mathrm{dS}}^{-2}$ which differs from the naive ""Lagrangian"" (squared) mass $m_{\mathrm{v}}^2$ that appears in the usual form of the Proca Lagrangian/action. In particular,"
2412.14282,2024-12-18,21,Massive graviton dark matter searches with long-baseline atom interferometers,"Blas, Diego; Carlton, John; McCabe, Christopher",,inspire:citing_1308.1647;inspire:ft_genhiguchi,10.1103/zxtk-bwnf,"Atom interferometers offer exceptional sensitivity to ultralight dark matter (ULDM) by precisely measuring effects on atomic systems. Previous studies have demonstrated their capability to detect scalar and vector ULDM candidates, yet their potential for probing spin-2 ULDM remains unexplored. In this work, we address this gap by investigating the sensitivity of atom interferometers to spin-2 ULDM"
2412.04644,2024-12-05,,A bimetric cosmological model based on Andrei Sakharov's twin universe approach,Petit Jean-Pierre; Margnat Florent; Zejli Hicham,bimetric,arxiv:bimetric_recent,,"The standard cosmological model, based on Cold Dark Matter and Dark Energy (ΛCDM), faces several challenges. Among these is the need to adjust the scenario to account for he presence of vast voids in the large-scale structure of the universe, as well as the early formation of the first stars and galaxies. Additionally, the observed matter-antimatter asymmetry in the universe remains an unresolved "
2411.12208,2024-11-19,,Extremal Maximal Entanglement,Wanchen Zhang; Yu Ning; Fei Shi; Xiande Zhang,higuchi,arxiv:higuchi_all,,"A pure multipartite quantum state is called absolutely maximally entangled if all reductions of no more than half of the parties are maximally mixed. However, an $n$-qubit absolutely maximally entangled state only exists when $n$ equals $2$, $3$, $5$, and $6$. A natural question arises when it does not exist: which $n$-qubit pure state has the largest number of maximally mixed $\lfloor n/2 \rfloor"
2411.12026,2024-11-18,,Modified Gravity Constraints from the Full Shape Modeling of Clustering Measurements from DESI 2024,M. Ishak; J. Pan; R. Calderon; K. Lodha,,arxiv:idlist_status,,"We present cosmological constraints on deviations from general relativity (GR) from the first-year of clustering observations from Dark Energy Spectroscopic Instrument (DESI) in combination with other datasets. We first consider $μ(a,k)$-$Σ(a,k)$ modified gravity (MG) parametrization (as well as $η(a,k)$) in flat $Λ$CDM and $w_0 w_a$CDM backgrounds. Using a functional form for time-only evolution "
2411.03459,2024-11-05,,Investigating the Origin of CMB Large-Scale Features Using LiteBIRD and CMB-S4,Catherine Petretti; Matteo Braglia; Xingang Chen; Dhiraj Kumar Hazra,,arxiv:idlist_status,,"Several missions following Planck are currently under development, which will provide high-precision measurements of the Cosmic Microwave Background (CMB) anisotropies. Specifically, measurements of the E modes will become nearly limited by cosmic variance, which, especially when considering the sharpness of the E-mode transfer functions, may allow for the ability to detect deviations from the con"
2411.01261,2024-11-02,9,Static spheres and Aschenbach effect for black holes in massive gravity,"Yerra, Pavan Kumar; Mukherji, Sudipta; Bhamidipati, Chandrasekhar",,inspire:citing_1308.1647,10.1103/lj4b-j3tr,"In this paper, we study the trajectories of massive and massless particles in four-dimensional static and spherically symmetric black holes in the de Rham–Gabadadze–Tolley massive gravity theory via phase-plane analysis and point out several novel features. In particular, we show the existence of a static sphere, a finite radial distance outside the black holes in these theories, where a massive p"
2410.13552,2024-10-17,0,Hairy black holes and other compact objects in theories of gravity,"Gervalle, Romain","bimetric,scalar-coupled",inspire:citing_1407.4331;inspire:citing_1410.0207,,"In the realm of spacetimes governed by Einstein's general relativity and containing only Maxwell's electromagnetic field, stationary black holes are fully characterized by their mass, electric or magnetic charge, and angular momentum -- a property encapsulated in a version of the no-hair theorem. However, the validity of this theorem is contingent on certain assumptions, and when these are relaxed"
2410.10976,2024-10-14,7,Black holes in multimetric gravity. II. Hairy solutions and linear stability of the non- and partially proportional branches,"Wood, Kieran; Saffin, Paul M.; Avgoustidis, Anastasios",ghost,inspire:citing_1404.0008,10.1103/PhysRevD.111.024057,"Owing to our work in part I of this series of papers, it is understood that the analytically known black hole solutions in the theory of ghost-free multimetric gravity can be split into three distinct classes and that one of these classes—the proportional branch—exhibits the Gregory-Laflamme instability at linear level in the metric perturbations, whenever the black hole horizon size is smaller th"
2410.09658,2024-10-12,5,Connecting inflation to the NANOGrav 15-year dataset via massive gravity,"Kenjale, Ved; Kahniashvili, Tina",,inspire:ft_higuchi_varying,10.1103/PhysRevD.111.103515,"Several pulsar timing array (PTA) missions have reported convincing evidence of a stochastic gravitational wave background within their latest datasets. This background could originate from an astrophysical source, though there are multiple possibilities for its origin to be cosmological. Focusing on the North American Nanohertz Observatory for Gravitational Waves (NANOGrav) signal, which was in g"
2409.08317,2024-09-12,21,Cosmology of light towers and swampland constraints,"Casas, Gonzalo F.; Ruiz, Ignacio",,inspire:citing_1308.1647,10.1007/JHEP12(2024)193,"We study the dynamical evolution of FLRW cosmologies in the presence of a tower of scalar light states and a runaway exponential potential. Some of the attractor solutions have problematic behaviours from the EFT point of view, which we use to argue for restrictions on the possible exponential scalings of the potential and tower characteristic mass as we move towards asymptotic regions in moduli s"
,2024-08-05,0,Cosmological gravitational particle production of dark matter during inflation and beyond,"Ling, Siyang",,inspire:citing_1206.3852;inspire:citing_1308.1647;inspire:citing_1407.4331;inspire:citing_1410.0207,,"Cosmological gravitational particle production (CGPP) is a viable production mechanism for dark matter. Spin-0, spin-1/2, spin-3/2, spin-2 fields can be produced via CGPP during inflation and reheating, and the relics can be dark matter candidates. Chapter 1 of this thesis contains the framework of CGPP, which is based on quantum field theory in curved spacetime and inflationary cosmology. Chapter"
2407.13807,2024-07-18,,A Loop Quantum Gravity Inspired Action for the Bosonic String and Emergent Dimensions at Large Scales,Deepak Vaid; Luigi Teixeira de Sousa,bimetric,arxiv:bimetric_recent,,We propose a modification of the Nambu-Goto action for the bosonic string which is compatible with the existence of a minimum area at the Planck scale. The result is a phenomenological action based on the observation that LQG tells us that areas of two-surfaces are operators in quantum geometry and are bounded from below. This leads us to a string action which is similar to that of bimetric gravit
2407.07792,2024-07-10,1,Gravitational ringdown in the minimal theory of massive gravity,"Roussille, Hugo; Larrouturou, François",,inspire:citing_1711.04655;inspire:ft_higuchi_varying,10.1103/PhysRevD.110.064069,"This work focuses on gravitational perturbations of black holes in the self-accelerating branch of the minimal theory of massive gravity (MTMG). This theory is a healthy extension of general relativity (GR) which displays the feature of massive tensor modes, without additional polarizations, strong-coupling issues nor requiring screening mechanisms. We proceed by implementing a newly developed tec"
2407.04322,2024-07-05,57,2D BAO vs. 3D BAO: Solving the Hubble Tension with Bimetric Cosmology,"Dwivedi, Sowmaydeep; Högås, Marcus",bimetric,arxiv:bimetric_desi;arxiv:bimetric_recent;arxiv:idlist_2;inspire:citing_1308.1647;inspire:citing_1404.0008;inspire:citing_1503.07436;inspire:ft_higuchi_bimetric_2016,10.3390/universe10110406,"Ordinary 3D Baryon Acoustic Oscillations (BAO) data are model-dependent, requiring the assumption of a cosmological model to calculate comoving distances during data reduction. Throughout the present-day literature, the assumed model is CDM. However, it has been pointed out in several recent works that this assumption can be inadequate when analyzing alternative cosmologies, potentially biasing th"
2404.01846,2024-04-02,16,Testing Yukawa cosmology at the Milky Way and M31 galactic scales,"D'Agostino, Rocco; Jusufi, Kimet; Capozziello, Salvatore",,inspire:citing_1702.04490;inspire:citing_1711.04655,10.1140/epjc/s10052-024-12741-6,"We address the galaxy rotation curves through the Yukawa gravitational potential emerging as a correction of the Newtonian potential in extended theories of gravity. On the one hand, we consider the contribution of the galactic bulge, galactic disk, and the dark matter halo of the Navarro–Frenk–White profile, in the framework of the standard $\Lambda $CDM model. On the other hand, we use modified "
2402.17835,2024-02-27,14,Black holes in multimetric gravity,"Wood, Kieran; Saffin, Paul M.; Avgoustidis, Anastasios","bimetric,ghost",inspire:citing_1206.3852;inspire:citing_1308.1647;inspire:citing_1404.0008,10.1103/PhysRevD.109.124006,"We construct a wide class of black hole solutions to the general theory of ghost-free multimetric gravity in arbitrary spacetime dimension, extending and generalizing the known results in four-dimensional dRGT massive gravity and bigravity. The solutions are split into three generic classes based on whether the metrics can be simultaneously diagonalized—one of which does not exist in dRGT massive "
2402.16054,2024-02-25,1,Conformal structure of singularities in some varying fundamental constants bimetric cosmologies,"Marosek, Konrad; Balcerzak, Adam",bimetric,inspire:t_bimetric_scalar,10.1038/s41598-024-72794-1,"In this paper, we explore the conformal structure of singularities arising from varying fundamental constants using the method of Penrose diagrams. We employ a specific type of bimetric model featuring two different metrics. One metric describes the causal structure for matter, while the other characterizes the causal structure for gravitational interactions, which is related to variations in fund"
2402.15327,2024-02-23,2,Perturbations of bimetric gravity on most general spherically symmetric spacetimes,"Brizuela, David; de Cesare, Marco; Oficial, Araceli Soler",bimetric,inspire:citing_1308.1647;inspire:citing_1404.0008,10.1103/PhysRevD.109.124060,"We present a formalism to study linear perturbations of bimetric gravity on any spherically symmetric background, including dynamical spacetimes. The setup is based on the Gerlach-Sengupta formalism for general relativity. Each of the two background metrics is written as a warped product between a two-dimensional Lorentzian metric and the round metric of the two-sphere. The different perturbations"
2402.02512,2024-02-04,12,Addressing the Hubble tension in Yukawa cosmology?,"Jusufi, Kimet; González, Esteban; Leon, Genly",varying,inspire:citing_1702.04490;inspire:citing_1711.04655,10.1016/j.dark.2024.101584,"In Yukawa cosmology, a recent discovery revealed a relationship between baryonic matter and the dark sector. The relation is described by the parameter <math altimg=""si564.svg"" display=""inline"" id=""d1e2011""><mi>α</mi></math> and the long-range interaction parameter <math altimg=""si565.svg"" display=""inline"" id=""d1e2016""><mi>λ</mi></math> - an intrinsic property of the graviton. Applying the uncerta"
2312.09042,2023-12-14,172,Cosmological gravitational particle production and its implications for cosmological relics,"Kolb, Edward W.; Long, Andrew J.",,inspire:citing_1206.3852;inspire:citing_1308.1647,10.1103/RevModPhys.96.045005,"Cosmological gravitational particle production (CGPP) is the creation of particles in an expanding universe due solely to their gravitational interaction. These particles can play an important role in the cosmic history through their connection to various cosmological relics including dark matter, gravitational-wave radiation, dark radiation, and the baryon asymmetry. This review explains the phen"
2312.03932,2023-12-06,10,Stochastic gravitational wave background detection using NANOGrav 15-year data set in the context of massive gravity,"Choi, Chris; Magallanes, Jacob; Gurgenidze, Murman; Kahniashvili, Tina",,inspire:ft_higuchi_varying,10.1103/PhysRevD.110.063525,"Convincing evidence of a stochastic gravitational wave (GW) background has been found by the NANOGrav Collaboration in the 15-year data set. From this signal, we can evaluate the possibility of its source being from the early Universe through the tensor perturbations induced by a massive spin-2 graviton field. We consider a time-dependent model of the minimal theory of massive gravity and find val"
,2023-11,4,The Encyclopedia of Cosmology,"de Rham, Claudia; Tolley, Andrew J.",,inspire:citing_1206.3852;inspire:citing_1308.1647;inspire:citing_1404.0008;inspire:citing_1407.4331,10.1142/13578-vol1,"More than a century after its development, General Relativity (GR) remains
the best description of gravitational physics over the range of observations and
experiments we have today. Nevertheless, there are strong theoretical indications
that at high energies and large curvatures, corrections beyond GR have to come in.
At the same time, outstanding questions in cosmology have also led to considera"
2310.18287,2023-10-27,5,Structure of 3D gravastars in the context of massive gravity,"Barzegar, H.; Eslam Panah, B.; Bordbar, G.H.; Bigdeli, M.",,inspire:citing_1308.1647,10.1016/j.physletb.2023.138280,"In this paper, we investigate a new model of <math altimg=""si1.svg""><mo stretchy=""false"">(</mo><mn>2</mn><mo linebreak=""badbreak"" linebreakstyle=""after"">+</mo><mn>1</mn><mo stretchy=""false"">)</mo><mo linebreak=""goodbreak"" linebreakstyle=""after"">−</mo></math>dimensional (3D) gravitational vacuum stars (gravastars) with an isotropic matter distribution anti-de Sitter (AdS) spacetime in the context o"
2309.08536,2023-09-15,6,Gravitational wave oscillations in bimetric cosmology,"Brizuela, David; de Cesare, Marco; Oficial, Araceli Soler",bimetric,arxiv:bimetric_recent;arxiv:idlist_2;inspire:citing_1308.1647;inspire:citing_1404.0008;inspire:citing_1410.0207;inspire:citing_1503.07436;inspire:ft_higuchi_bimetric_2016,10.1088/1475-7516/2024/03/004,"Unlike general relativity, in bimetric gravity linear gravitational waves do not evolve asfree fields. In this theory there are two types of tensor perturbations, whose interactions areinherited from non-trivial couplings between two dynamical metric tensor fields in theHassan-Rosen action, and are responsible for the phenomenon of bigravity oscillations. Inthis work, we analyze the dynamics of co"
2309.04102,2023-09-08,,Bounds on tower mass scales in the presence of throats of different warping,Min-Seok Seo,higuchi,arxiv:higuchi_all,,"In Type IIB flux compactification realizing the metastable de Sitter (dS) vacuum, the uplift potential can be generated by $\overline{\rm D3}$-branes at the tip of Klebanov-Strassler throat. Then the uplift potential obeys the scaling law with respect to the tower mass scale $m_{\rm sc}$, which can be the Kaluza-Klein (KK) mass scale associated with the throat containing $\overline{\rm D3}$-branes"
2306.03875,2023-06-06,4,Post-reionization 21-cm power spectrum for bimetric gravity and its detectability with SKA1-mid telescope,"Bassi, Ajay; Dinda, Bikash R.; Sen, Anjan A.","bimetric,ghost",arxiv:bimetric_recent;arxiv:idlist_status;inspire:citing_1404.0008;inspire:citing_1407.4331;inspire:citing_1503.07436;inspire:ft_higuchi_bimetric_2016,10.1007/s12036-023-09980-6,"We considered a modified gravity theory through a special kind of ghost-free bimetric gravity, where one massive spin-2 field interacts with a massless spin-2 field. In this bimetric gravity, the late-time cosmic acceleration is achievable. Alongside the background expansion of the Universe, we also studied the first-order cosmological perturbations and probe the signature of the bimetric gravity "
2305.13381,2023-05-22,,Spin-2 dark matter from inflation,Mohammad Ali Gorji,higuchi,arxiv:higuchi_all,,"The seed of dark matter can be generated from light spectator fields during inflation through a similar mechanism that the seed of observed large scale structures are produced from the inflaton field. The accumulated energy density of the corresponding excited modes, which is subdominant during inflation, dominates energy density of the universe later around the time of matter and radiation equali"
2305.03504,2023-05-05,10,Teleparallel bigravity,"Blixt, Daniel; Hohmann, Manuel; Koivisto, Tomi; Marzola, Luca","bimetric,ghost",inspire:ft_higuchi_bimetric_2016,10.1140/epjc/s10052-023-12247-7,"We write down the teleparallel equivalent to Hassan–Rosen bigravity, which is written using a torsionful but curvature-free connection. The theories only differ by a boundary term. The equivalence was proven, both by using perturbation theory and Hamiltonian analysis. It is further shown how one can construct novel bigravity theories within the teleparallel framework. Some of those are analyzed th"
2305.00183,2023-04-29,,Dynamical mass generation of spin-2 fields in de Sitter space for an $O(N)$ symmetric model at large $N$,Nahomi Kan; Kiyoshi Shiraishi,higuchi,arxiv:higuchi_all,,"We consider the strong-coupling phase in a model of $O(N)$ spin-2 field theory in de Sitter spacetime and the effective mass of spin-2 fields therein. In the strong-coupling phase, the Higuchi bound limits the mass parameter in the theory. The analysis using the large $N$ approximation finds the critical value of the mass parameter with numerical calculation."
2303.16316,2023-03-28,,Holography of information in de Sitter space,Tuneer Chakraborty; Joydeep Chakravarty; Victor Godet; Priyadarshi Paul,"higuchi,ghost",arxiv:higuchi_all,,We study the natural norm on the space of solutions to the Wheeler-DeWitt equation in an asymptotically de Sitter spacetime. We propose that the norm is obtained by integrating the squared wavefunctional over field configurations and dividing by the volume of the diff-and-Weyl group. We impose appropriate gauge conditions to fix the diff-and-Weyl redundancy and obtain a finite expression for the n
2303.11353,2023-03-20,25,Bimetric-affine quadratic gravity,"Gialamas, Ioannis D.; Tamvakis, Kyriakos","bimetric,ghost",inspire:citing_1404.0008;inspire:citing_1407.4331;inspire:ft_higuchi_bimetric_2016,10.1103/PhysRevD.107.104012,"Bimetric gravity is a theory of gravity that posits the existence of two interacting and dynamical metric tensors. The spectrum of bimetric gravity consists of a massless and a massive spin-2 particle. The form of the interactions between the two metrics <math display=""inline""><msub><mi>g</mi><mrow><mi>μ</mi><mi>ν</mi></mrow></msub></math> and <math display=""inline""><msub><mi>f</mi><mrow><mi>μ</mi"
2302.09777,2023-02-20,16,Data-driven and almost model-independent reconstruction of modified gravity,"Mu, Yuhao; Li, En-Kun; Xu, Lixin",,inspire:citing_1407.4331,10.1088/1475-7516/2023/06/022,"In this paper, a modified factor μ, which characterizes modified gravity in the linearmatter density perturbation theory, is reconstructed in a data-driven and almost model-independentway via Gaussian process by using currently available cosmic observations. Utilizing the Pantheon+SNe Ia samples, the observed Hubble parameter H(z) and the redshift space distortion fσ$_{8}$(z) data points, one find"
2302.04390,2023-02-08,62,Cosmological gravitational particle production of massive spin-2 particles,"Kolb, Edward W.; Ling, Siyang; Long, Andrew J.; Rosen, Rachel A.","higuchi,gradient,ghost",arxiv:higuchi_all;arxiv:mg_higuchi_cosmo;inspire:citing_1206.3852;inspire:citing_1308.1647;inspire:citing_1407.4331;inspire:citing_1410.0207;inspire:ft_genhiguchi,10.1007/JHEP05(2023)181,"The phenomenon of cosmological gravitational particle production (CGPP) is expected to occur during the period of inflation and the transition into a hot big bang cosmology. Particles may be produced even if they only couple directly to gravity, and so CGPP provides a natural explanation for the origin of dark matter. In this work we study the gravitational production of massive spin-2 particles a"
2302.02690,2023-02-06,2,Absence of gravitational polarization mechanism in the canonical bimetric theory,"Blanchet, Luc; Heisenberg, Lavinia; Larrouturou, François",bimetric,inspire:ft_higuchi_bimetric_2016,10.1103/PhysRevD.107.124021,"Motivated by a version of the “dipolar dark matter” model that aims at a relativistic completion of the phenomenology of MOND, we investigate the gravitational polarization mechanism in the canonical bimetric theory with an effective matter coupling. We explicitly show the fundamental obstacle why such theories cannot achieve a consistent gravitational polarization, and thus fail to recover the MO"
2301.11000,2023-01-26,9,Cosmological evolution in bimetric gravity: observational constraints and LSS signatures,"Bassi, Ajay; Adil, Shahnawaz A.; Rajvanshi, Manvendra Pratap; Sen, Anjan A.","bimetric,ghost",arxiv:bimetric_desi;arxiv:bimetric_recent;inspire:citing_1404.0008,10.1140/epjc/s10052-023-11707-4,Bimetric gravity is an interesting alternative to standard GR given its potential to provide a concrete theoretical framework for a ghost-free massive gravity theory. Here we investigate a class of Bimetric gravity models for their cosmological implications. We study the background expansion as well as the growth of matter perturbations at linear and second order. We use low-redshift observations 
2301.00498,2023-01-01,2,Gravitational collapse and odd-parity black hole perturbations in minimal theory of bigravity,"Minamitsuji, Masato; De Felice, Antonio; Mukohyama, Shinji; Oliosi, Michele","gradient,bimetric,ghost",inspire:citing_1206.3852;inspire:ft_higuchi_bimetric_2016,10.1103/PhysRevD.107.064070,"We investigate dynamical properties of static and spherically symmetric systems in the self-accelerating branch of the minimal theory of bigravity (MTBG). In the former part, we study the gravitational collapse of pressureless dust and find special solutions, where, in both the physical and fiducial sectors, the exterior and interior spacetime geometries are given by the Schwarzschild spacetimes a"
2212.09094,2022-12-18,39,Cosmological gravity probes: Connecting recent theoretical developments to forthcoming observations,"observations, Connecting recent theoretical developments to forthcoming; Arai, Shun; Aoki, Katsuki; Chinone, Yuji","bimetric,scalar-coupled",arxiv:bimetric_recent;inspire:citing_1404.0008;inspire:citing_1407.4331,10.1093/ptep/ptad052,"Since the discovery of the accelerated expansion of the present Universe, significant theoretical developments have been made in the area of modified gravity. In the meantime, cosmological observations have been providing more high-quality data, allowing us to explore gravity on cosmological scales. To bridge the recent theoretical developments and observations, we present an overview of a variety"
2211.15873,2022-11-28,32,Spin-2 dark matter from an anisotropic universe in bigravity,"Manita, Yusuke; Aoki, Katsuki; Fujita, Tomohiro; Mukohyama, Shinji","bimetric,ghost",arxiv:idlist_2;inspire:citing_1404.0008;inspire:citing_1702.04490;inspire:citing_1711.04655;inspire:ft_higuchi_bimetric_2016;inspire:ft_higuchi_varying,10.1103/PhysRevD.107.104007,"Bigravity is one of the natural extensions of general relativity and contains an additional massive spin-2 field which can be a good candidate for dark matter. To discuss the production of spin-2 dark matter, we study fixed-point solutions of the background equations for axisymmetric Bianchi type-I universes in two bigravity theories without a Boulware-Deser ghost, i.e., Hassan-Rosen bigravity and"
2211.04087,2022-11-08,13,"Big bang nucleosynthesis and early dark energy in light of the EMPRESS <math display=""inline""><msub><mi>Y</mi><mi>p</mi></msub></math> results and the <math display=""inline""><msub><mi>H</mi><mn>0</mn></msub></math> tension","Takahashi, Tomo; Yamashita, Sora",,inspire:citing_1308.1647;inspire:citing_1503.07436,10.1103/PhysRevD.107.103520,"Recent measurements of the primordial <math display=""inline""><mrow><mmultiscripts><mrow><mi>He</mi></mrow><mprescripts/><none/><mrow><mn>4</mn></mrow></mmultiscripts></mrow></math> abundance <math display=""inline""><msub><mi>Y</mi><mi>p</mi></msub></math> from EMPRESS suggest a cosmological scenario with an effective number of neutrino species that deviates from the standard value and a nonzero lep"
2208.10882,2022-08-23,,Broader view of bimetric MOND,Mordehai Milgrom,bimetric,arxiv:bimetric_recent,,All existing treatments of bimetric MOND (BIMOND) -- a class of relativistic versions of MOND -- have dealt with a rather restricted sub-class: The Lagrangian of the interaction between the gravitational degrees of freedom -- the two metrics -- is a function of a certain {\it single} scalar argument built from the difference in connections of the two metrics. I show that the scope of BIMOND is muc
2208.02123,2022-08-03,5,Gravitational-wave energy and other fluxes in ghost-free bigravity,"Grant, Alexander M.; Saffer, Alexander; Stein, Leo C.; Tahura, Shammi","bimetric,ghost",inspire:citing_1407.4331;inspire:citing_1410.0207;inspire:citing_1702.04490,10.1103/PhysRevD.107.044041,"One of the key ingredients for making binary waveform predictions in a beyond-general-relativity (GR) theory of gravity is understanding the energy and angular momentum carried by gravitational waves and any other radiated fields. Identifying the appropriate energy functional is unclear in Hassan-Rosen bigravity, a ghost-free theory with one massive and one massless graviton. The difficulty arises"
,2022-08,0,Modern amplitude methods: the rise of massive effective field theories,"Momeni, Arshia",,inspire:citing_1308.1647,10.25560/100914,"Scattering amplitude methods are powerful tools to explore novel ideas in Quantum Field Theories and are of great phenomenological importance. These methods are useful across many areas in physics, from constraining the parameter space of low energy effective field theories (EFT) given assumptions about the UV, known as positivity bounds, to relating two different EFTs, known as the double copy. M"
2206.05132,2022-06-10,38,Black holes in dRGT massive gravity with the signature of EHT observations of M87*,"Hendi, S.H.; Jafarzade, Kh.; Eslam Panah, B.",,inspire:citing_1206.3852,10.1088/1475-7516/2023/02/022,"The recent Event Horizon Telescope (EHT) observations of the M87* have led to a surge of
 interest in studying the shadow of black holes. Besides, investigation of time evolution and
 lifetime of black holes helps us to veto/restrict some theoretical models in gravitating
 systems. Motivated by such exciting properties, we study optical features of black holes, such as
 the shadow geometrical shap"
2206.04086,2022-06-08,3,Linear growth of structure in massive gravity,"Kulchoakrungsun, Ekapob; Mukherjee, Ananya; Agarwal, Nishant; Pullen, Anthony R.","varying,scalar-coupled",inspire:citing_1206.3852;inspire:ft_higuchi_varying,10.1103/PhysRevD.106.083527,"We study background dynamics and the growth of matter perturbations in the extended quasidilaton setup of massive gravity. For the analysis of perturbations, we first choose a scalar field matter component and obtain the conditions under which all scalar perturbations are stable. We work in unitary gauge for the matter field, which allows us to directly map to known results in the limit of general"
,2022-06,0,Testing the Field Content of Cosmic Inflation,"Iacconi, Laura",scalar-coupled,inspire:citing_1308.1647,,"In this thesis we study cosmological inflation, a period of accelerated expansion
in the very early universe. According to the simplest models, inflation is driven
by a single scalar field that slowly rolls down its own potential. Despite the great
success of single-field inflation, usually high-energy theories beyond the standard model
accommodate a richer particle content. For this reason, in th"
2204.08217,2022-04-18,,Static and spherically symmetric general relativity solutions in Minimal Theory of Bigravity,Masato Minamitsuji; Antonio De Felice; Shinji Mukohyama; Michele Oliosi,bimetric,arxiv:bimetric_recent,,"We investigate static and spherically symmetric solutions in the Minimal Theory of Bigravity (MTBG). First, we show that a pair of Schwarzschild-de Sitter spacetimes with different cosmological constants and black hole masses written in the spatially-flat Gullstrand-Painlevé (GP) coordinates is a solution in the self-accelerating branch of MTBG, while it cannot be a solution in the normal branch. "
2204.06574,2022-04-13,,Moiré Gravity and Cosmology,Alireza Parhizkar; Victor Galitski,"varying,bimetric,ghost",arxiv:bimetric_recent;arxiv:bimetric_varying;arxiv:idlist_2,,"The vacuum catastrophe is a fundamental puzzle, where the observed scales of the cosmological constant are many orders of magnitude smaller than the natural scales expected in the theory. This work proposes a new ""bi-world"" construction that may offer an insight into the cosmological constant problem. The model generally includes a $(3+1)$-dimensional manifold with two different geometries and mat"
2203.17192,2022-03-31,21,Primordial stochastic gravitational wave background anisotropies: in-in formalization and applications,"Dimastrogiovanni, Ema; Fasiello, Matteo; Pinol, Lucas",scalar-coupled,inspire:citing_1206.3852;inspire:citing_1308.1647,10.1088/1475-7516/2022/09/031,"Primordial non-Gaussianities of the scalar(tensor)-tensor-tensor type supporting a
 non-trivial squeezed component are known to induce anisotropies in the stochastic gravitational
 wave background. We derive the explicit form of such anisotropies by making use, for the first
 time in this context, of the in-in formalism for cosmological correlation functions. After
 illustrating the general method"
2201.12863,2022-01-30,,Low redshift constraints on scale-covariant models,C. J. A. P. Martins; J. S. J. S. Oliveira; D. A. R. Pinheiro,bimetric,arxiv:bimetric_recent,,The search for a physical model which explains the observed recent acceleration of the universe is a compelling task of modern fundamental cosmology. Recently Fernandes \textit{et al.} presented low redshift observational constraints on a scale invariant model by Maeder. Phenomenologically this can be interpreted as a bimetric theory with a time-dependent cosmological constant. It was shown that a
2201.00633,2022-01-03,,Cosmological future singularities in massive gravity and massive bigravity,M. Mousavi; K. Atazadeh,bimetric,arxiv:bimetric_recent,,"We study the future cosmological singularities in the framework of massive gravity and minimal massive bigravity theory. In this regards, we consider the possible classes of finite-time future singularities such as sudden, big rip, big freeze and big brake singularities in the massive universe. In dRGT model with an open expanding universe we obtain the sudden singularity in the future at a finite"
,2022,1,Was Einstein Wrong? : Theoretical and observational constraints on massive gravity,"Högås, Marcus",bimetric,inspire:citing_1308.1647;inspire:citing_1404.0008;inspire:citing_1407.4331;inspire:citing_1410.0207;inspire:citing_1503.07436,,"For more than a century, Einstein's theory of general relativity has described gravitational phenomena with astonishing precision. However, for the theory to fit observations we need to add two elusive substances: dark energy and dark matter. Together they add up to 95% of the energy budget of the Universe. Yet, we do not know what these substances are. Another question mark is the expansion rate "
,2022,1,Phase equilibrium and microstructure of topological AdS black holes in massive gravity *,"Liu, Fang; Du, Yun-Zhi; Zhao, Ren; Li, Huai-Fan",,inspire:citing_1308.1647,10.1088/1674-1137/ac67ce,"In order to clearly understand the gravitational theory through the thermal properties of the black hole, it is important to further investigate the first-order phase transition of black holes. In this paper, we adopt different conjugate variables (
					, 
					, 
					, and 
					) and apply Maxwell's equal-area law to study the phase equilibrium of a topological black hole in massive gravity. T"
2112.12151,2021-12-22,35,Exceptional scalar theories in de Sitter space,"Bonifacio, James; Hinterbichler, Kurt; Joyce, Austin; Roest, Diederik","varying,scalar-coupled",inspire:citing_1308.1647,10.1007/JHEP04(2022)128,"The special galileon and Dirac-Born-Infeld (DBI) theories are effective field theories of a single scalar field that have many interesting properties in flat space. These theories can be extended to all maximally symmetric spaces, where their algebras of shift symmetries are simple. We study aspects of the curved space versions of these theories: for the special galileon, we find a new compact exp"
2112.08179,2021-12-15,,Non-Gaussian Signatures of a Thermal Big Bang,Maria Mylova; Marianthi Moschou; Niayesh Afshordi; João Magueijo,bimetric,arxiv:bimetric_recent,,"What if Big Bang was hot from its very inception? This is possible in a bimetric theory where the source of fluctuations is thermal, requiring the model to live on a critical boundary in the space of parameters and can be realized when an anti-DBI brane moves within an $EAdS_2 \times E_3$ geometry. This setup renders the model unique, with sharp predictions for the scalar spectral index and its ru"
2109.03077,2021-09-07,44,Testing the early universe with anisotropies of the gravitational wave background,"Dimastrogiovanni, Ema; Fasiello, Matteo; Malhotra, Ameek; Meerburg, P. Daniel",,inspire:citing_1308.1647,10.1088/1475-7516/2022/02/040,"In this work we analyse in detail the possibility of using small and intermediate-scale gravitational wave anisotropies to constrain the inflationary particle content. First, we develop a phenomenological approach focusing on anisotropies generated by primordial tensor-tensor-scalar and purely gravitational non-Gaussianities. We highlight the quantities that play a key role in determining the dete"
2108.06722,2021-08-15,8,Spinning guest fields during inflation: leftover signatures,"Dimastrogiovanni, Emanuela; Fasiello, Matteo; Gümrükcüoglü, A. Emir",,inspire:citing_1206.3852;inspire:citing_1308.1647;inspire:citing_1404.0008;inspire:citing_1407.4331,10.1088/1475-7516/2021/11/047,"We consider the possibility of extra spinning particles  during inflation, focussing on the spin-2 case. Our analysis relies  on the well-known fully non-linear formulation of interacting spin-2  theories. We explore the parameter space of the corresponding  inflationary Lagrangian and identify regions therein exhibiting  signatures within reach of upcoming CMB probes. We provide a  thorough study"
2107.04504,2021-07-09,25,Novel relations in massive gravity at Hawking-Page transition,"Yerra, Pavan Kumar; Bhamidipati, Chandrasekhar",,inspire:citing_1308.1647,10.1103/PhysRevD.104.104049,"Sign and magnitude of Ruppeiner’s curvature <math display=""inline""><msub><mi>R</mi><mi>N</mi></msub></math> is an empirical indicator of the respective nature and strength of microstructures of a thermodynamic system. We investigate the properties of <math display=""inline""><msub><mi>R</mi><mi>N</mi></msub></math> for black holes in massive gravity and show that the behavior of microstructures at t"
,2021-07-05,7,String cosmology from fractional action with solitonic NS–NS matter and possibility of an accelerated expanding universe without dark energy,"El-Nabulsi, Rami Ahmad",varying,inspire:citing_1308.1647,10.1139/cjp-2020-0575,"In this study, we discuss string cosmology with solitonic NS–NS matter, which arises when dilaton coupled p-brane gas dominates the universe and is subject to a fractional action motivated from viscosity dissipative effects occurring in the universe. Exact solutions are found from the stationary conditions of the fractional action. It was observed that the universe is non-singular, undergoing acce"
,2021-06-18,0,"Analytical methods for the study of the two-body problem, and alternative theories of gravitation","Larrouturou, François",bimetric,inspire:citing_1404.0008;inspire:citing_1702.04490;inspire:citing_1711.04655,,"The work completed during this thesis aimed at pushing forward our knowledge of gravitational phenomena, by following two directions: (i) deepening our comprehension of the relativistic two-body problem, (ii) building and testing alternative models. First, we used a post-Newtonian (weak-field and slow motion) approximation to seek analytic expressions for the phase of gravitational waves at high a"
2106.09030,2021-06-16,32,Constraints on bimetric gravity from Big Bang nucleosynthesis,"Högås, Marcus; Mörtsell, Edvard","bimetric,ghost",arxiv:bimetric_recent;arxiv:idlist_status;inspire:citing_1404.0008;inspire:citing_1407.4331;inspire:citing_1410.0207;inspire:citing_1503.07436;inspire:ft_higuchi_bimetric_2016,10.1088/1475-7516/2021/11/001,"Bimetric gravity is a ghost-free and observationally viable extension of general relativity, exhibiting both a massless and a massive graviton. The observed abundances of light elements can be used to constrain the expansion history of the Universe at the period of Big Bang nucleosynthesis. Applied to bimetric gravity, we readily obtain constraints on the theory parameters which are complementary "
,2021-06-14,2,Phenomenological aspects of bimetric theory,"Lüben, Marvin","higuchi,bimetric,ghost",inspire:citing_1308.1647;inspire:citing_1404.0008;inspire:citing_1407.4331;inspire:citing_1410.0207;inspire:citing_1503.07436,10.5282/edoc.28191,"We are concerned with ghost-free bimetric theory due to Hassan and Rosen, an extension of General Relativity. The theory proposes to supplement the usual massless spin-2 field with an additional massive spin-2 field, which (self-)interact fully nonlinearly. We propose a new unified framework, which allows to consistently and comprehensively constrain bimetric theory by means of theoretical and obs"
2106.00462,2021-05-28,,"Broken Scale Invariance, Gravity Mass, and Dark Energy in Modified Einstein Gravity with Two Measure Finsler Like Variables",Panayiotis Stavrinos; Sergiu I. Vacaru,"bimetric,scalar-coupled",arxiv:bimetric_recent;arxiv:idlist_2,,"We study new classes of generic off-diagonal and diagonal cosmological solutions for effective Einstein equations in modified gravity theories, MGTs, with modified dispersion relations, MDRs, encoding possible violations of (local) Lorentz invariance, LIVs. Such MGTs are constructed for Lagrange densities with two non-Riemannian volume forms (two-measure theories, TMTs) and associated bimetric/ bi"
2105.11055,2021-05-23,0,Generalization of Higuchi's fractal dimension for multifractal analysis of time series with limited length,"Carrizales-Velazquez, Carlos; Donner, Reik V.; Guzmán-Vargas, Lev",higuchi,inspire:ft_genhiguchi,,We introduce a generalization of Higuchi's estimator of the fractal dimension as a new way to characterize the multifractal spectrum of univariate time series. The resulting multifractal Higuchi dimension analysis (MF-HDA) method considers the order-$q$ moments of the partition function provided by the length of the time series graph at different levels of subsampling. The results obtained for dif
2105.12582,2021-05-20,486,Modified Gravity and Cosmology. An Update by the CANTATA Network,"Saridakis, Emmanuel N.; Lazkoz, Ruth; Salzano, Vincenzo; Vargas Moniz, Paulo",,inspire:citing_1404.0008;inspire:citing_1407.4331,10.1007/978-3-030-83715-0,"With a focus on modified gravity this book presents a review of the recent developments in the fields of gravity and cosmology, presenting the state of the art, high-lighting the open problems, and outlining the directions of future research.General Relativity and the ΛCDM framework are currently the standard lore and constitute the concordance paradigm of cosmology. Nevertheless, long-standing op"
2105.03849,2021-05-09,2,Higher-dimensional minimal theory of mass-varying massive gravity and its cosmological consequences,"Falah, Ahmad Khoirul; Latief, Andy Octavian; Alatas, Husin; Gunara, Bobby Eka","varying,scalar-coupled",inspire:citing_1206.3852;inspire:ft_higuchi_varying,10.1103/PhysRevD.104.084013,"In this paper we construct higher-dimensional minimal theory of mass-varying massive gravity (MTMVMG) where the masslike scalar potential is coupled to a vielbein potential, unlike in the previous literature where it is coupled to metric, such that the number of graviton degrees of freedom in the theory is the same as in general relativity. We then study the cosmological aspects of this theory and"
2102.10805,2021-02-22,,Mass and spin for classical strings in $dS_3$,Klaas Parmentier,higuchi,arxiv:higuchi_all,,We demonstrate that all rigidly rotating strings with center of mass at the origin of the $dS_3$ static patch satisfy the Higuchi bound. This extends the observation of Noumi et al. for the open GKP-like string to all solutions of the Larsen-Sanchez class. We argue that strings violating the bound end up expanding towards the horizon and provide a numerical example. Adding point masses to the open
2102.09746,2021-02-19,,Spiky strings in de Sitter space,Mitsuhiro Kato; Kanji Nishii; Toshifumi Noumi; Toshiaki Takeuchi,higuchi,arxiv:higuchi_all,,"We study semiclassical spiky strings in de Sitter space and the corresponding Regge trajectories, generalizing the analysis in anti-de Sitter space. In particular we demonstrate that each Regge trajectory has a maximum spin due to de Sitter acceleration, similarly to the folded string studied earlier. While this property is useful for the spectrum to satisfy the Higuchi bound, it makes a nontrivia"
,2021-02-12,0,Beyond the Standard Theories of Fundamental Interactions,"Max, Kevin",bimetric,inspire:citing_1404.0008;inspire:citing_1407.4331;inspire:citing_1410.0207;inspire:citing_1503.07436,,"Beyond the Standard Theories of Fundamental Interactions. 
The status quo of fundamental physics is the Standard Model (SM) of particle
physics and General Relativity (GR). While both theories separately
are able to describe a wide range of phenomena in their respective domain
to high accuracy, there are problems which arise solely when the two are
coupled. Examples include the cosmological consta"
2101.08794,2021-01-21,36,Constraints on bimetric gravity. Part I. Analytical constraints,"Högås, Marcus; Mörtsell, Edvard","bimetric,ghost",arxiv:bimetric_recent;arxiv:idlist_status;inspire:citing_1308.1647;inspire:citing_1404.0008;inspire:citing_1407.4331;inspire:citing_1410.0207;inspire:citing_1503.07436;inspire:ft_higuchi_bimetric_2016,10.1088/1475-7516/2021/05/001,"Ghost-free bimetric gravity is an extension of general relativity, featuring a massive spin-2 field coupled to gravity. We parameterize the theory with a set of observables having specific physical interpretations. For the background cosmology and the static, spherically symmetric solutions (for example approximating the gravitational potential of the solar system), there are four directions in th"
2101.08791,2021-01-21,28,Combining cosmological and local bounds on bimetric theory,"Caravano, Angelo; Lüben, Marvin; Weller, Jochen","bimetric,ghost",arxiv:bimetric_recent;arxiv:idlist_status;inspire:citing_1308.1647;inspire:citing_1404.0008;inspire:citing_1407.4331;inspire:citing_1410.0207;inspire:citing_1503.07436;inspire:ft_higuchi_bimetric_2016,10.1088/1475-7516/2021/09/035,"Ghost-free bimetric theory describes two nonlinearly interacting spin-2 fields, one massive and one massless, thus extending general relativity. We confront bimetric theory with observations of Supernovae type 1a, Baryon Acoustic Oscillations and the Cosmic Microwave Background in a statistical analysis, utilising the recently proposed physical parametrisation. This directly constrains the physica"
2101.08795,2021-01-21,45,Constraints on bimetric gravity. Part II. Observational constraints,"Högås, Marcus; Mörtsell, Edvard","higuchi,bimetric,ghost",arxiv:bimetric_desi;arxiv:bimetric_higuchi;arxiv:bimetric_recent;arxiv:higuchi_all;arxiv:idlist_status;arxiv:mg_higuchi_cosmo;inspire:citing_1404.0008;inspire:citing_1407.4331;inspire:citing_1410.0207;inspire:citing_1503.07436;inspire:ft_higuchi_bimetric_2016,10.1088/1475-7516/2021/05/002,"Ghost-free bimetric gravity is a theory of two interacting spin-2 fields, one massless and one massive, in addition to the standard matter particles and fields, thereby generalizing Einstein's theory of general relativity. To parameterize the theory, we use five observables with specific physical interpretations. We present, for the first time, observational constraints on these parameters that: ("
,2021,0,Cosmological implications of extended massive gravity theories,"Kenna-Allison, Michael Patrick Roland",bimetric,inspire:citing_1206.3852;inspire:citing_1308.1647;inspire:citing_1404.0008;inspire:citing_1407.4331;inspire:citing_1410.0207;inspire:citing_1503.07436,,"The origin of the late-time acceleration of the universe is one of the biggest questions in cosmology. We give the name dark energy to the substance which is responsible for this, highlighting our ignorance on its origin. The most widely accepted explanation is that of the cosmological constant. However the naturalness of the cosmological constant, and the theoretical inconsistency with the value "
,2021,0,Non-singular model of universe,"Sebt, Seyed Ali; Abolhassani, Mohamad Reza; Khajehnezhad, Ana",,inspire:citing_1308.1647,10.30495/jtap.152107,"Einstein equations give minimum and maximum limits of cosmic scale factor by considering pressure. The contraction before expansion is like the birth of a star. As in nuclear fusion stage, the temperature and pressure of the star depends on its mass, in the order of magnitude of universe mass fusion after gravitational contraction brings about explosion. This does not require to accept the big ban"
,2021,0,Massive Gravity and Bigravity,"Heisenberg, Lavinia",bimetric,inspire:citing_1404.0008;inspire:citing_1407.4331,10.1007/978-3-030-83715-0_7,"The attempt at altering the underlying fundamental theory of gravity relies strongly on abandoning one of the defining properties of General Relativity. One of these directions focuses on updating the graviton particle to a massive particle. It proves that this is not as simple as giving mass to a spin-1 particle, since the construction of a mass term for the spin-2 field requires the presence of "
,2021,0,Model independent constraints on geometrical extended theories of gravity,"Ortiz Baños, María",,inspire:citing_1407.4331,,"Desde los primeros estudios sobre el uso de Supernovas Tipo Ia a modo de candelas estándar, sabemosque el universo se expande aceleradamente. La descripción físico-matemática de este fenómeno puedeabordarse desde perspectivas muy diferentes. Por un lado, si se quiere mantener un universo descrito porla teoría de la Relatividad General de Einstein, es necesario acudir a la idea de que un tipo de fl"
,2021,2,Phenomenological Tests of Gravity on Cosmological Scales,"Akrami, Yashar; Martinelli, Matteo",,inspire:citing_1407.4331,10.1007/978-3-030-83715-0_29,"The late-time accelerated expansion of the Universe [1, 2] (see Refs. [3, 4, 5, 6] for recent comprehensive reviews on the subject) is still a mystery and needs to be addressed by theoretical physics."
2012.10513,2020-12-18,,Constraining alternatives to a cosmological constant: generalized couplings and scale invariance,C. B. D. Fernandes; C. J. A. P. Martins; B. A. R. Rocha,bimetric,arxiv:bimetric_recent,,"We present a comparative analysis of observational low-redshift background constraints on three candidate models for explaining the low-redshift acceleration of the universe. The generalized coupling model by Feng and Carloni and the scale invariant model by Maeder (both of which can be interpreted as bimetric theories) are compared to the traditional parametrization of Chevallier, Polarski and Li"
2012.06401,2020-12-11,,On stability of Friedmann-Lemaître-Robertson-Walker solutions in doubled geometries,Arkadiusz Bochniak; Andrzej Sitarz,bimetric,arxiv:bimetric_recent,,Motivated by the models of geometry with discrete spaces as additional dimensions we investigate the stability of cosmological solutions in models with two metrics of the Friedmann-Lemaître-Robertson-Walker type. We propose an effective gravity action that couples the two metrics in a similar manner as in the bimetric theory of gravity and analyse whether standard solutions with identical metrics 
2012.01073,2020-12-02,36,Minimal Theory of Bigravity: construction and cosmology,"De Felice, Antonio; Larrouturou, François; Mukohyama, Shinji; Oliosi, Michele","bimetric,ghost",arxiv:bimetric_recent;arxiv:idlist_2;inspire:citing_1404.0008;inspire:citing_1702.04490;inspire:citing_1711.04655;inspire:ft_higuchi_bimetric_2016;inspire:ft_higuchi_varying,10.1088/1475-7516/2021/04/015,"Following the path of minimalism in alternative theories of gravity, we construct the “Minimal Theory of Bigravity” (MTBG), a theory of two interacting spin-2 fields that propagates only four local degrees of freedom instead of the usual seven ones and that allows for the same homogeneous and isotropic cosmological solutions as in Hassan-Rosen bigravity (HRBG). Starting from a precursor theory tha"
2011.14697,2020-11-30,11,Non-linear dynamics of the minimal theory of massive gravity,"Hagala, Robert; Felice, Antonio De; Mota, David F.; Mukohyama, Shinji",varying,inspire:citing_1206.3852;inspire:ft_higuchi_varying,10.1051/0004-6361/202040018,"We investigate cosmological signatures of the minimal theory of massive gravity (MTMG). To this aim, we simulate the normal branch of the MTMG by employing the RAMSESN-body code and extending it with an effective gravitational constant Geff. We implement an environment-dependent Geff as a function of the graviton mass and the local energy density as predicted by MTMG. We find that halo density pro"
2011.11166,2020-11-22,0,Quantum phase space description of a cosmological minimal massive bigravity model,"Vera-Hernández, Julio César","bimetric,ghost",arxiv:bimetric_recent;inspire:citing_1407.4331,10.1007/s10714-021-02822-2,"Bimetric gravity theories describes gravitational interactions in the presence of an extra spin-2 field. The Hassan–Rosen (HR) nonlinear massive minimal bigravity theory is a ghost-free bimetric theory formulated with respect a flat, dynamical reference metric. In this work the deformation quantization formalism is applied to a HR cosmological model in the minisuperspace. The quantization procedur"
2011.10952,2020-11-22,4,Cosmographic test of chameleon gravity,"Salehi, Amin.","varying,scalar-coupled",inspire:citing_1711.04655,10.1007/s10714-023-03085-9,"Investigation of the the validity of different cosmological models using directly measurable parameters is one of the most interesting aspects of cosmology. The importance of this issue can be understood from Alan Sandage’s Interpretation of cosmology: Cosmology is the search for two directly measurable numbers: $ H_{0}$ and $q_{0}$. In this paper, we want to investigate the validity of chameleon "
2009.11739,2020-09-24,12,Nonlinearly ghost-free higher curvature gravity,"Aoki, Katsuki","bimetric,ghost",inspire:citing_1308.1647;inspire:citing_1702.04490,10.1103/PhysRevD.102.124049,"We find unitary and local theories of higher curvature gravity in the vielbein formalism, known as the Poincar\'{e} gauge theory by utilizing the equivalence to the ghost-free massive bigravity. We especially focus on three and four dimensions but extensions into a higher dimensional spacetime are straightforward. In three dimensions, a quadratic gravity $\mathcal{L}=R+T^2+R^2$, where $R$ is the c"
2008.13573,2020-08-31,20,Asymptotically flat hairy black holes in massive bigravity,"Gervalle, Romain; Volkov, Mikhail S.","bimetric,ghost",inspire:citing_1407.4331;inspire:citing_1410.0207,10.1103/PhysRevD.102.124040,"We study asymptotically flat black holes with massive graviton hair within the ghost-free bigravity theory. There have been contradictory statements in the literature about their existence—such solutions were reported some time ago, but later a different group claimed the Schwarzschild solution to be the only asymptotically flat black hole in the theory. As a result, the controversy emerged. We ha"
2008.00452,2020-08-02,30,Small-scale Tests of Inflation,"Iacconi, Laura; Fasiello, Matteo; Assadullahi, Hooshyar; Wands, David",,inspire:citing_1206.3852;inspire:citing_1308.1647,10.1088/1475-7516/2020/12/005,"We investigate small-scale signatures of the inflationary particle content. We consider the case of a light spin-2 particle sourcing primordial gravitational waves by employing an effective field theory description. Upon allowing time-dependent sound speeds for the helicity modes, this setup delivers a blue tensor spectrum detectable, for example, by upcoming laser interferometers. Our focus is on"
2007.08606,2020-07-16,,Black holes in torsion bigravity,Vasilisa Nikiforova; Thibault Damour,bimetric,arxiv:bimetric_recent,,"We study spherically symmetric black hole solutions in a four-parameter Einstein-Cartan-type class of theories, called ""torsion bigravity"". These theories offer a geometric framework (with a metric and an independent torsionfull connection) for a modification of Einstein's theory that has the same spectrum as bimetric gravity models. In addition to an Einsteinlike massless spin-2 excitation, there"
2005.10115,2020-05-20,9,Critical heat engines in massive gravity,"Yerra, Pavan Kumar; Bhamidipati, Chandrasekhar",,inspire:citing_1308.1647,10.1088/1361-6382/abb2d1,"With in the extended thermodynamics, we study the efficiency η k of critical heat engines for charged black holes in massive gravity for spherical (k = 1), flat (k = 0) and hyperbolic (k = −1) topologies. Although, η k is in general higher (lower) for hyperbolic (spherical) topology, we show that this order can be reversed in critical heat engines with efficiency higher for spherical topology, fol"
2004.00888,2020-04-02,,Non-linear extension of non-metricity scalar for MOND,Fabio D'Ambrosio; Mudit Garg; Lavinia Heisenberg,"bimetric,ghost",arxiv:bimetric_recent,,"General Relativity enjoys the freedom of different geometrical interpretations in terms of curvature, torsion or non-metricity. Within this geometrical trinity, a simpler geometrical formulation of General Relativity manifests itself in the latter, where gravity is entirely attributed to non-metricity. In this Letter, we consider non-linear extensions of Coincident General Relativity $f(\mathring{"
2003.10494,2020-03-23,7,Higuchi Bound on Slow Roll Inflation and the Swampland,"Lüben, Marvin; Lust, Dieter","higuchi,bimetric",arxiv:bimetric_higuchi;arxiv:bimetric_recent;arxiv:higuchi_all;inspire:citing_1308.1647;inspire:citing_1503.07436;inspire:ft_genhiguchi,10.1007/JHEP09(2020)055,"In this paper we study the implications of the generalized Higuchi bound on massive spin-two fields for the derivative of the scalar potential within bimetric theory. In contrast to the recent de Sitter swampland conjecture, an upper bound on the derivate of the scalar potential follows from the generalized Higuchi bound. In combination, this leaves a window for the derivate of the scalar potentia"
2003.06052,2020-03-12,0,Absence of the Higuchi bound in a family of alternative linear massive spin-2 models,"Fortes, Hemily Gomes Marciano; Alves, Márcio Eduardo da Silva","higuchi,ghost",arxiv:higuchi_all;arxiv:mg_higuchi_cosmo;inspire:ft_genhiguchi,10.1088/1361-6382/ac7b06,"There is a well known result from the Fierz–Pauli (FP) theory in de Sitter background, it is the existence of a lower bound for the mass m of the spin 2 particle, the Higuchi bound. It establishes that m
$^{2}$ ⩾ 2H
$^{2}$, where H is the Hubble parameter, in order to the theory presents no ghost-like instabilities. In this sense, m should be unacceptable high in order to fulfill this condition at"
2003.03382,2020-03-06,25,Physical parameter space of bimetric theory and SN1a constraints,"Lüben, Marvin; Schmidt-May, Angnis; Weller, Jochen",bimetric,arxiv:bimetric_recent;arxiv:idlist_2;inspire:citing_1206.3852;inspire:citing_1308.1647;inspire:citing_1404.0008;inspire:citing_1407.4331;inspire:citing_1410.0207;inspire:citing_1503.07436;inspire:ft_higuchi_bimetric_2016,10.1088/1475-7516/2020/09/024,"Bimetric theory describes a massless and a massive spin-2 field with fully non-linear (self-)interactions. It has a rich phenomenology and has been successfully tested with several data sets. However, the observational constraints have not been combined in a consistent framework, yet. We propose a parametrization of bimetric solutions in terms of the effective cosmological constant Λ and the mass "
2002.01487,2020-02-04,21,Probing alternative cosmologies through the inverse distance ladder,"Lindner, Manfred; Max, Kevin; Platscher, Moritz; Rezacek, Jonas",bimetric,arxiv:bimetric_recent;inspire:citing_1404.0008;inspire:citing_1407.4331;inspire:citing_1410.0207;inspire:citing_1503.07436,10.1088/1475-7516/2020/10/040,"We study the implications of a combined analysis of cosmic standard candles and standard rulers on the viability of cosmological models beyond the cosmological concordance model ΛCDM . To this end, we employ well-established data in the form of the joint light-curve analysis supernova compilation, baryon acoustic oscillations, and cosmic microwave background data on the one hand, and a recently pr"
2002.02380,2020-02-02,,Determining Cosmological Constant Using Gravitational Wave Information,Thomas L. Wilson,higuchi,arxiv:higuchi_all;arxiv:mg_higuchi_cosmo,,"It is shown in Einstein gravity that the cosmological constant Lambda introduces a graviton mass m into the theory, a result that will be derived from the Regge-Wheeler-Zerilli problem for a particle falling onto a Kottler-Schwarzschild mass with Lambda. The value of m is precisely the Spin-2 gauge line appearing on the Lambda versus m2 phase diagram for Spin-2, the partially massless gauge lines "
2001.07619,2020-01-21,52,Gravity in the infrared and effective nonlocal models,"Belgacem, Enis; Dirian, Yves; Finke, Andreas; Foffa, Stefano",,inspire:citing_1407.4331;inspire:citing_1410.0207,10.1088/1475-7516/2020/04/010,"We provide a systematic and updated discussion of a research line carried out by our group over the last few years, in which gravity is modified at cosmological distances by the introduction of nonlocal terms, assumed to emerge at an effective level from the infrared behavior of the quantum theory. The requirement of producing a viable cosmology turns out to be very stringent and basically selects"
,2020,0,Theoretical and numerical bimetric relativity,"Torsello, Francesco",bimetric,inspire:citing_1308.1647;inspire:citing_1404.0008;inspire:citing_1407.4331;inspire:citing_1410.0207;inspire:citing_1503.07436;inspire:ft_higuchi_bimetric_2016,,"General relativity (GR) is the standard physical theory describing gravitational interactions. All astrophysical and cosmological observations are compatible with its predictions, provided that unknown matter and energy components are included. These are called dark matter and dark energy.In addition, GR describes the nonlinear self-interaction of a massless spin-2 field. In particle physics, ther"
,2020,0,Massive Gravity in Curved Spacetimes and Other Related Topics,"Johnson, Laura A.",,inspire:citing_1308.1647,,"Many aspects of gravity remain to be fully understood and many open questions remain. One of the long-standing puzzles is the cosmological constant problem and the nature of dark energy. Doing a standard back of the envelope quantum mechanics calculation, one would expect the size of the cosmological constant to be very large. Yet instead, we find a strangely small, but non-zero value. Massive gra"
,2020,0,Assessing deviations to the ΛCDM model: the importance of model-independent approaches.,"Machado de Pinho, Ana Marta",,inspire:citing_1407.4331,10.11588/heidok.00028373,"The remarkable improvement of the accuracy of cosmological data in the last years has provided tight constraints on the parameters of the ΛCDM model. For example, gravitational-wave events have confirmed that the speed of gravity is very close to the speed of light. This result has ruled out several modified gravity models. The remaining allowed models are nearly indistinguishable from the standar"
,2020,0,Nonlocal cosmological models and tests of modified gravity with gravitational waves,"Belgacem, Enis",,inspire:citing_1407.4331;inspire:citing_1410.0207,10.13097/archive-ouverte/unige:149856,"This thesis is devoted to the study of a particular class of cosmological modifiedgravity models known as nonlocal gravity theories and to the possibility of testing,in greater generality, deviations from the standard cosmological modelΛCDM viagravitational-wave detections. In particular, in the first part of this work we inves-tigate the possibility that dark energy could be explained by infrared"
1912.09449,2019-12-19,20,Vainshtein Screening in Bimetric Cosmology,"Lüben, Marvin; Schmidt-May, Angnis; Smirnov, Juri",bimetric,arxiv:bimetric_recent;arxiv:idlist_status;inspire:citing_1308.1647;inspire:citing_1404.0008;inspire:citing_1407.4331;inspire:citing_1410.0207;inspire:citing_1503.07436;inspire:ft_higuchi_bimetric_2016,10.1103/PhysRevD.102.123529,"We demonstrate that the instabilities in linear cosmological perturbations in bimetric theory are the manifestation of the non-linear Vainshtein mechanism on an FRW background. The spin-2 mass serves as the cosmological Vainshtein scale in this case. This allows us to quantitatively address early universe cosmology. In particular, in a global analysis, we study data from the cosmic microwave backg"
1912.08560,2019-12-18,25,Stable cosmology in generalized massive gravity,"Kenna-Allison, Michael; Gümrükçüoglu, A. Emir; Koyama, Kazuya",ghost,inspire:citing_1206.3852;inspire:citing_1404.0008;inspire:citing_1407.4331;inspire:citing_1410.0207;inspire:citing_1711.04655;inspire:ft_higuchi_varying,10.1103/PhysRevD.101.084014,We present a thorough analysis of the cosmological perturbations in generalized massive gravity. This is an extension of de Rham–Gabadadze–Tolley theory where the translation invariance in the Stückelberg field space is broken. This allows the mass parameters to be promoted to functions of the Stückelberg fields. We consider an exact cosmological background in this theory and study the stability o
1912.06104,2019-12-12,,Probing cosmological fields with gravitational wave oscillations,Jose Beltrán Jiménez; Jose María Ezquiaga; Lavinia Heisenberg,bimetric,arxiv:bimetric_recent,,"Gravitational wave (GW) oscillations occur whenever there are additional tensor modes interacting with the perturbations of the metric coupled to matter. These extra modes can arise from new spin-2 fields (as in e.g. bigravity theories) or from non-trivial realisations of the cosmological principle induced by background vector fields with internal symmetries (e.g. Yang-Mills, gaugids or multi-Proc"
1912.04283,2019-12-09,,"Inflation, Higher Spins and the Swampland",Marco Scalisi,higuchi,arxiv:higuchi_all,,"We study the implications on inflation of an infinite tower of higher-spin states with masses falling exponentially at large field distances, as dictated by the Swampland Distance Conjecture. We show that the Higuchi lower bound on the mass of the tower automatically translates into an upper bound on the inflaton excursion. Strikingly, the mere existence of all spins in the tower forbids any scala"
1911.08313,2019-11-18,0,Non-linear effects in early Universe cosmology,"Carrilho, Pedro",,inspire:citing_1404.0008,,"In this thesis, we discuss several instances in which non-linear behaviour affects cosmological evolution in the early Universe. We begin by reviewing the standard cosmological model and the tools used to understand it theoretically and to compute its observational consequences. This includes a detailed exposition of cosmological perturbation theory and the theory of inflation. We then describe th"
1911.06142,2019-11-14,115,"$ T\overline{T} $ deformations, massive gravity and non-critical strings","Tolley, Andrew J.","bimetric,ghost",inspire:citing_1308.1647,10.1007/JHEP06(2020)050,"The $ T\overline{T} $ deformation of a 2 dimensional field theory living on a curved space- time is equivalent to coupling the undeformed field theory to 2 dimensional ‘ghost-free’ massive gravity. We derive the equivalence classically, and using a path integral formulation of the random geometries proposal, which mirrors the holographic bulk cutoff picture. We emphasize the role of the massive gr"
1910.12921,2019-10-28,29,Interferometer Constraints on the Inflationary Field Content,"Iacconi, Laura; Fasiello, Matteo; Assadullahi, Hooshyar; Dimastrogiovanni, Emanuela",,inspire:citing_1308.1647,10.1088/1475-7516/2020/03/031,"With an energy scale that can be as high as 1014 GeV, inflation may provide a unique probe of high-energy physics. Both scalar and tensor fluctuations generated during this early accelerated expansion contain crucial information about the particle content of the primordial universe. The advent of ground- and space-based interferometers enables us to probe primordial physics at length-scales much s"
1910.11799,2019-10-25,68,Positivity Constraints on Interacting Spin-2 Fields,"Alberte, Lasma; de Rham, Claudia; Momeni, Arshia; Rumbutis, Justinas",ghost,inspire:citing_1308.1647,10.1007/JHEP03(2020)097,"The consistency of the EFT of two interacting spin-2 fields is checked by applying forward limit positivity bounds on the scattering amplitudes to exclude the region of parameter space devoid of a standard UV completion. We focus on two classes of theories that have the highest possible EFT cutoff, namely those theories modelled on ghost-free interacting theories of a single massive spin-2 field. "
1910.05908,2019-10-13,26,Quasinormal modes of a massless Dirac field in de Rham-Gabadadze-Tolley massive gravity,"Wongjun, Pitayuth; Chen, Chun-Hung; Nakarachinda, Ratchaphat",,inspire:citing_1206.3852,10.1103/PhysRevD.101.124033,The quasinormal modes of a massless Dirac field in the de Rham-Gabadadze-Tolley (dRGT) massive gravity theory with asymptotically de Sitter spacetime are investigated using the Wentzel-Kramers-Brillouin approximation. The effective potential for the massless Dirac field due to the dRGT black hole is derived. It is found that the shape of the potential depends crucially on the structure of the grav
1910.05285,2019-10-11,16,EFT of Interacting Spin-2 Fields,"Alberte, Lasma; de Rham, Claudia; Momeni, Arshia; Rumbutis, Justinas",ghost,inspire:citing_1308.1647,10.1007/JHEP01(2020)131,"We consider the effective field theory of multiple interacting massive spin-2 fields. We focus on the case where the interactions are chosen so that the cutoff is the highest possible, and highlight two distinct classes of theories. In the first class, the mass eigenstates only interact through potential operators that carry no derivatives in unitary gauge at leading order. In the second class, a "
1910.01651,2019-10-03,31,On the stability of bimetric structure formation,"Högås, Marcus; Torsello, Francesco; Mörtsell, Edvard",bimetric,arxiv:bimetric_recent;arxiv:idlist_status;inspire:citing_1308.1647;inspire:citing_1404.0008;inspire:citing_1407.4331;inspire:citing_1410.0207;inspire:citing_1503.07436;inspire:ft_higuchi_bimetric_2016,10.1088/1475-7516/2020/04/046,"Bimetric gravity can reproduce the accelerated expansion of the Universe, without a cosmological constant. However, the stability of these solutions to linear perturbations has been questioned, suggesting exponential growth of structure in this approximation. We present a simple model of structure formation, for which an analytical solution is derived. The solution is well-behaved, showing that th"
1909.11382,2019-09-25,,"CPTM discrete symmetry, quantum wormholes and cosmological constant problem",S. Bondarenko,bimetric,arxiv:bimetric_recent,,"We discuss the consequences of the charge, parity, time and mass (CPTM) extended reversal symmetry for the problems of the vacuum energy density and value of the cosmological constant. The results obtained are based on the framework with the separation of extended space-time of the interest on the different regions connected by this symmetry with the action of the theory valid for the full space-t"
1909.07992,2019-09-17,,Ultraviolet Freeze-in and Non-Standard Cosmologies,Nicolás Bernal; Fatemeh Elahi; Carlos Maldonado; James Unwin,bimetric,arxiv:bimetric_recent,,"A notable feature of UV freeze-in is that the relic density is strongly dependent on the highest temperatures of the thermal bath, and a common assumption is that the relevant 'highest temperature' should be the reheating temperature after inflation $T_\text{RH}$. However, the temperature of the thermal bath can be significantly higher in certain scenarios, reaching a value denoted T max , a fact "
,2019-09-09,0,Probing the Dark Universe with Gravitational Waves,"Ezquiaga Bravo, José María",varying,inspire:citing_1308.1647;inspire:citing_1503.07436,,"Gravitational wave (GW) astronomy opens new opportunities to explore the universe
and its fundamental laws. This thesis focuses on probing the pillars of the standard
cosmological model with GWs, specially its most puzzling components: dark energy (DE)
and dark matter (DM). We propose and apply new tests of DE and General Relativity
(GR) with the propagation of GWs. We also investigate the formati"
1908.03212,2019-08-08,11,Cosmological Instabilities and the Role of Matter Interactions in Dynamical Dark Energy Models,"Wolf, William J.; Lagos, Macarena","gradient,scalar-coupled,ghost",inspire:citing_1407.4331;inspire:citing_1503.07436,10.1103/PhysRevD.100.084035,"We consider cosmological models with a dynamical dark energy field, and study the presence of three types of commonly found instabilities, namely ghost (when fields have negative kinetic energy), gradient (negative momentum squared), and tachyon (negative mass squared). In particular, we study the linear scalar perturbations of theories with two interacting scalar fields as a proxy for a dark ener"
1907.13491,2019-07-31,,Resolving the vDVZ and Strong Coupling Problems in Massive Gravity and Bigravity,Gregory Gabadadze; Daniel Older; David Pirtskhalava,bimetric,arxiv:bimetric_recent,,"As is well known, both massive gravity and bigravity exhibit the linear van Dam-Veltman-Zakharov (vDVZ) discontinuity that is cured classically by the nonlinear Vainshtein mechanism due to certain low scale strongly coupled interactions. Here we show how both the vDVZ and strong coupling problems can be removed by embedding 4D covariant massive gravity into a certain 5D warped geometry. The 4D the"
1907.04161,2019-07-09,31,A Note on String Excitations and the Higuchi Bound,"Lüst, Dieter; Palti, Eran",higuchi,arxiv:higuchi_all;inspire:ft_genhiguchi,10.1016/j.physletb.2019.135067,"In this brief note we consider the interaction between high spin excitations in string theory along the Regge trajectory and the Higuchi bound in de Sitter space. There is always a point along the Regge trajectory where the Higuchi bound is violated. However, this point precisely coincides with a string whose length is of order the de Sitter Hubble scale. String theory therefore manifests no immed"
1907.02535,2019-07-04,,String Regge trajectory in de Sitter space and implications for inflation,Toshifumi Noumi; Toshiaki Takeuchi; Siyi Zhou,higuchi,arxiv:higuchi_all,,"We study the spectrum of semiclassical rotating strings in de Sitter space and its consistency. Even though a naive extrapolation of the linear Regge trajectory on flat space implies a violation of the Higuchi bound (a unitarity bound on the mass of higher-spin particles in de Sitter space), the curved space effects turn out to modify the trajectory to respect the bound. Interestingly, as a conseq"
1906.12055,2019-06-28,2,Non-Fierz-Pauli bimetric theory from quadratic curvature gravity on Einstein manifolds,"Niiyama, Yuki; Nakamura, Yuya; Zaimokuya, Ryosuke; Furuya, Yu",bimetric,inspire:ft_higuchi_bimetric_2016,,"We show that, in four-dimensional spacetimes with an arbitrary Einstein metric, with and without a cosmological constant, perturbative dynamical degrees of freedom in generic quadratic-curvature gravity can be decoupled into massless and massive parts. The massive part has the structure identical to, modulo the over-all sign, the non-Fierz-Pauli-type massive gravity, and a further decomposition in"
1906.10558,2019-06-25,,On the Mathematical Validity of the Higuchi Method,Lukas Liehr; Peter Massopust,higuchi,arxiv:higuchi_all,,"In this paper, we discuss the Higuchi algorithm which serves as a widely used estimator for the box-counting dimension of the graph of a bounded function $f : [0,1] \to \R$. We formulate the method in a mathematically precise way and show that it yields the correct dimension for a class of non-fractal functions. Furthermore, it will be shown that the algorithm follows a geometrical approach and th"
1906.01593,2019-06-04,278,Testing modified gravity at cosmological distances with LISA standard sirens,"Belgacem, Enis; Calcagni, Gianluca; Crisostomi, Marco; Dalang, Charles","bimetric,scalar-coupled",arxiv:bimetric_desi;arxiv:bimetric_recent;inspire:citing_1308.1647;inspire:citing_1404.0008;inspire:citing_1410.0207,10.1088/1475-7516/2019/07/024,"Modifications of General Relativity leave their imprint both on the cosmic expansion history through a non-trivial dark energy equation of state, and on the evolution of cosmological perturbations in the scalar and in the tensor sectors. In particular, the modification in the tensor sector gives rise to a notion of gravitational-wave (GW) luminosity distance, different from the standard electromag"
,2019-05-27,0,Symmetries in four-dimensional multi-spin-two field theory: relations to Chern-Simons gravity and further applications,"González Albornoz, Nicolás Lorenzo","bimetric,ghost",inspire:citing_1407.4331,10.5282/edoc.24520,"This thesis is devoted to the investigation of the symmetry in theories for spin-2 elds. In particular, we address the question whether the fully nonlinear theories for massless and massive spin-2 particles |namely standard general relativity and bimetric gravity, can be obtained from a pure gauge theory formulation. Furthermore, we explore the discrete symmetries that can arise in a theory for ma"
1905.09687,2019-05-23,35,Modified Gravity and Dark Energy models Beyond $w(z)$CDM Testable by LSST,"Ishak, Mustapha; Baker, Tessa; Bull, Philip; Pedersen, Eske M.",,inspire:citing_1407.4331,,"One of the main science goals of the Large Synoptic Survey Telescope (LSST) is to uncover the nature of cosmic acceleration. In the base analysis, possible deviations from the Lambda-Cold-Dark-Matter ($\Lambda$CDM) background evolution will be probed by fitting a $w(z)$CDM model, which allows for a redshift-dependent dark energy equation of state with $w(z)$, within general relativity (GR). A rich"
1905.09832,2019-05-23,11,Generalized Vaidya solutions in bimetric gravity,"Högås, Marcus; Kocic, Mikica; Torsello, Francesco; Mörtsell, Edvard",bimetric,inspire:citing_1503.07436;inspire:ft_higuchi_bimetric_2016,10.1088/1361-6382/ab971a,"In general relativity, the endpoint of spherically symmetric gravitational collapse is a Schwarzschild–[(A)dS] black hole. In bimetric gravity, it has been speculated that a static end state must also be Schwarzschild–[(A)dS]. To this end, we present a set of exact solutions, including collapsing massless dust particles. For these, the speculation is confirmed."
1905.09465,2019-05-23,,A general class of gravitational theories as alternatives to dark matter where the speed of gravity always equals the speed of light,Constantinos Skordis; Tom Zlosnik,bimetric,arxiv:bimetric_recent,,"A number of theories of gravity have been proposed as proxies for dark matter in the regime of galaxies and cosmology. The recent observations of gravitational waves (GW170817) from the merger of two neutron stars, followed by an electromagnetic counterpart (GW170817a) have placed stringent constraints on the difference of the speed of gravity to the speed of light, severely restricting the phenom"
1901.03967,2019-01-13,2,Coordinate-time lapse function of FLRW accelerated expanding universe in dRGT massive gravity theory,"Alatas, Husin; Falah, Ahmad K.; Wibowo, Trio; Qohhar, Muhammad A.",,inspire:citing_1206.3852,10.1142/S021827182050073X,"In this paper, we discuss the behavior of coordinate-time dependent lapse function of FLRW metric of an accelerated expanding universe in the de Rham–Gabadadze–Tolley massive gravity theory. Physically, this function is considered to connect a general observer coordinate-time to the related proper-time and also to another normal observer under specific condition. We find that in the standard dRGT "
,2019,1,Phenomenology of Massive Spin-2 Fields,"Platscher, Moritz Ernst Lothar",bimetric,inspire:citing_1206.3852;inspire:citing_1308.1647;inspire:citing_1404.0008;inspire:citing_1407.4331;inspire:citing_1410.0207;inspire:citing_1503.07436,10.11588/heidok.00025876,"We derive and discuss the implications of massive spin-2 fields as possible extensions of the standard theory of gravity, general relativity, in the spirit of extension of the standard model of particle physics. We give a thorough introduction to the topic of massive gravity from the point of view of bi- or multi-metric extensions of general relativity, focussing on the bimetric case in the phenom"
,2019,1,Constraints on Massive Gravity: A Numerical Study of Galileons,"Deskins, Jennings T.",scalar-coupled,inspire:citing_1206.3852;inspire:citing_1308.1647,,"General Relativity (GR) is a theory of gravity that has successfully modeled gravitational interactions from lab scales to extra-galactic scales. Despite its successes, there are several aspects whose theoretical underpinnings have yet to be understood. In this work we are motivated by understanding the origin of the observed cosmic accelerated expansion. 

GR is known to be the unique theory desc"
1812.09786,2018-12-23,8,Stress testing the dark energy equation of state imprint on supernova data,"Moews, Ben; de Souza, Rafael S.; Ishida, Emille E.O.; Malz, Alex I.",,inspire:citing_1407.4331,10.1103/PhysRevD.99.123529,This work determines the degree to which a traditional analysis of the standard model of cosmology (ΛCDM) based on type Ia supernovae can identify deviations from a cosmological constant in the form of a redshift-dependent dark energy equation of state w(z). We introduce and apply a novel random curve generator to simulate instances of w(z) from constraint families with increasing distinction from
1812.08686,2018-12-20,33,Bimetric cosmology is compatible with local tests of gravity,"Lüben, Marvin; Mörtsell, Edvard; Schmidt-May, Angnis",bimetric,arxiv:bimetric_recent;arxiv:idlist_status;inspire:citing_1308.1647;inspire:citing_1404.0008;inspire:citing_1407.4331;inspire:citing_1410.0207;inspire:citing_1503.07436;inspire:ft_higuchi_bimetric_2016,10.1088/1361-6382/ab4f9b,"Recently, Kenna-Allison et al claimed that bimetric gravity cannot give rise to a viable cosmological expansion history while at the same time being compatible with local gravity tests. In this note we review that claim and combine various results from the literature to provide several simple counter examples. We conclude that the results of Kenna-Allison et al cannot hold in general."
1812.05496,2018-12-13,19,Viability of bigravity cosmology,"Kenna-Allison, Michael; Gümrükçüoǧlu, A. Emir; Koyama, Kazuya",bimetric,arxiv:bimetric_recent;arxiv:idlist_2;inspire:citing_1206.3852;inspire:citing_1404.0008;inspire:citing_1407.4331;inspire:citing_1410.0207;inspire:ft_higuchi_bimetric_2016,10.1103/PhysRevD.99.104032,"We revisit the question of viability of bigravity cosmology as a candidate for dark energy. In the context of the low energy limit model, where matter couples to a single metric, we study linear perturbations around homogeneous and isotropic backgrounds to derive the Poisson’s equation for the Newtonian potential. Extending to second order perturbations, we identify the Vainshtein radius below whi"
1811.06089,2018-11-14,1,A Tale of Two Scales: Screening in Large Scale Structure,"Fasiello, Matteo; Vlah, Zvonimir",,inspire:citing_1308.1647,,"The perturbative treatment of dark matter in structure formation relies on the existence of a well-defined expansion parameter, $k/k_{\rm NL}$, with $k_{\rm NL}$ signalling the onset and ultimately the leading role of non-linearities in the system. Cosmologies beyond the {\Lambda}CDM model often come with additional degree(s) of freedom. The scale $k_{\rm V}$ at which non-linearities become import"
1810.13231,2018-10-26,,Oscillating universe in massive bigravity,M. Mousavi; F. Darabi,bimetric,arxiv:bimetric_recent,,"In this paper, in the framework of massive bigravity, we study all possible cosmic evolutions by using a method in which the modified Friedmann equation is written in a form where the scale factor evolves like the motion of a particle under a ""potential"". Massive bigravity provides this potential with the most general mass interaction term which can create new circumstances to find different kinds"
1810.08866,2018-10-20,33,Tensor non-Gaussianities from Non-minimal Coupling to the Inflaton,"Dimastrogiovanni, Emanuela; Fasiello, Matteo; Tasinato, Gianmassimo; Wands, David",higuchi,arxiv:higuchi_all;inspire:citing_1206.3852;inspire:citing_1308.1647,10.1088/1475-7516/2019/02/008,"Tensor non-Gaussianity represents an important future probe of the physics of inflation. Inspired by recent works, we elaborate further on the possibility of significant primordial tensor non-Gaussianities sourced by extra fields during inflation. Unitarity constraints limit the impact of extra (spinning) particle content by means of a lower bound on the corresponding mass spectrum. For spin-2 par"
1810.07186,2018-10-16,19,The Infrared Structure of Exceptional Scalar Theories,"Yin, Zhewei",scalar-coupled,inspire:citing_1308.1647,10.1007/JHEP03(2019)158,"Exceptional theories are a group of one-parameter scalar field theories with (enhanced) vanishing soft limits in the S-matrix elements. They include the nonlinear sigma model (NLSM), Dirac-Born-Infeld scalars and the special Galileon theory. The soft behavior results from the shift symmetry underlying these theories, which leads to Ward identities generating subleading single soft theorems as well"
,2018-09-17,0,Primordial Non-Gaussianity and Primordial Tensor Modes,"Bordin, Lorenzo",,inspire:citing_1206.3852,,"The discoveries in observational cosmology of the last two decades led to a tremendous progress in cosmology. From a theory with mainly qualitative ideas about the expanding universe originated from a state with high density and temper- ature (Hot Big Bang cosmological model), cosmology rapidly evolved to a quantita- tive science that culminated with the formulation of the so-called ΛCDM model in "
1809.05318,2018-09-14,22,Long Range Effects in Gravity Theories with Vainshtein Screening,"Platscher, Moritz; Smirnov, Juri; Meyer, Sven; Bartelmann, Matthias",bimetric,inspire:citing_1206.3852;inspire:citing_1404.0008,10.1088/1475-7516/2018/12/009,"In this paper we study long range modifications of gravity in the consistent framework of bigravity, which introduces a second massive spin-2 field and allows to continuously interpolate between the regime of General Relativity (mediated by a massless spin-2 field) and massive gravity (mediated by a massive spin-2 field). In particular we derive for the first time the equations for light deflectio"
1808.04292,2018-08-13,5,The Ogievetsky-Polubarinov massive gravity and the benign Boulware-Deser mode,"Mukohyama, Shinji; Volkov, Mikhail S.",ghost,inspire:citing_1308.1647,10.1088/1475-7516/2018/10/037,"We present our analysis of the theory constructed in 1965 by Ogievetsky and Polubarinov (OP)— the first ever theory of interacting massive gravitons. Its mass term is adjusted in such a way that the non-linear field equations imply as a consequence the linear Hilbert-Lorentz condition, which restricts the spin of states in the theory. Strikingly, for special parameter values this theory coincides "
1808.04137,2018-08-13,9,Bigravity and Horndeski gravity connected by a disformal coupling,"Gannouji, Radouane; Hossain, Md. Wali; Jaman, Nur; Sami, M.",bimetric,inspire:citing_1702.04490,10.1103/PhysRevD.99.043504,"In this paper, we study bigravity theory in a very specific limit in which we focused only on 1 degree of freedom generated by the massive graviton. We analyze the model in the context of cosmology and demonstrate that the model can give rise to late-time cosmic acceleration as an attractor of the dynamical system. However, the observational constraints due to tensor perturbations are stringent, g"
,2018-08-10,1,Models of Compact Stars in the Bimetric Scalar-Tensor Theory of Gravitation,"Grigorian, Levon Sh.; Khachatryan, Hrant F.; Saharian, Aram A.","bimetric,scalar-coupled",inspire:t_bimetric_scalar,10.3390/particles1010015,"We investigate static spherically-symmetric configurations of gravitating masses in the bimetric scalar-tensor theory of gravitation. In the gravitational sector, the theory contains the metric tensor, a scalar field and a background metric as an absolute variable of the theory. The analysis is presented for the simplest version of the theory with a constant coupling function and a zero cosmologic"
1808.02165,2018-08-06,70,Scalar Gravitational Radiation from Binaries: Vainshtein Mechanism in Time-dependent Systems,"Dar, Furqan; De Rham, Claudia; Deskins, J. Tate; Giblin, John T.",,inspire:citing_1308.1647,10.1088/1361-6382/aaf5e8,"We develop a full four-dimensional numerical code to study scalar gravitational radiation emitted from binary systems and probe the Vainshtein mechanism in situations that break the static and spherical symmetry, relevant for binary pulsars as well as black holes and neutron stars binaries. The present study focuses on the cubic Galileon which arises as the decoupling limit of massive theories of "
1808.01403,2018-08-03,25,Black holes and stars in the minimal theory of massive gravity,"De Felice, Antonio; Larrouturou, François; Mukohyama, Shinji; Oliosi, Michele",,inspire:citing_1702.04490;inspire:citing_1711.04655,10.1103/PhysRevD.98.104031,"In this paper, we show that any solution of general relativity (GR) that can be rendered spatially flat by a coordinate change is also a solution of the self-accelerating branch of the minimal theory of massive gravity (MTMG), with or without matter. We then for the first time obtain black hole and star solutions in a theory of massive gravity that agree with the corresponding solutions in GR and "
1807.09241,2018-07-24,236,Dark Energy in light of Multi-Messenger Gravitational-Wave astronomy,"Ezquiaga, Jose María; Zumalacárregui, Miguel",,inspire:citing_1308.1647;inspire:citing_1503.07436,10.3389/fspas.2018.00044,"Gravitational waves (GWs) provide a new tool to probe the nature of dark energy (DE) and the fundamental properties of gravity. We review the different ways in which GWs can be used to test theories of gravity and cosmology, emphasizing models for late-time cosmic acceleration. Lagrangian-based gravitational theories beyond general relativity (GR) are classified into those breaking fundamental ass"
1807.08754,2018-07-23,41,On the (A)dS Decoupling Limits of Massive Gravity,"De Rham, Claudia; Hinterbichler, Kurt; Johnson, Laura A.",ghost,inspire:citing_1308.1647,10.1007/JHEP09(2018)154,We consider various decoupling limits of ghost-free massive gravity on (A)dS. The first is a decoupling limit on AdS space where the mass goes to zero while the AdS radius is held fixed. This results in an interacting massive Proca vector theory with a Λ$_{2}$ ∼ (M$_{Pl}$m)$^{1/2}$ strong coupling scale which is ghost-free by construction and yet can not be put in the form of the generalized Proca
1807.01725,2018-07-04,503,A systematic approach to generalisations of General Relativity and their cosmological implications,"Heisenberg, Lavinia",bimetric,arxiv:bimetric_recent;inspire:citing_1206.3852;inspire:citing_1308.1647;inspire:citing_1404.0008;inspire:citing_1407.4331,10.1016/j.physrep.2018.11.006,"A century ago, Einstein formulated his elegant and elaborate theory of General Relativity, which has so far withstood a multitude of empirical tests with remarkable success. Notwithstanding the triumphs of Einstein’s theory, the tenacious challenges of modern cosmology and of particle physics have motivated the exploration of further generalised theories of space–time. Even though Einstein’s inter"
1807.00591,2018-07-02,,Massive Anti-de Sitter Gravity from String Theory,Constantin Bachas; Ioannis Lavdas,"varying,bimetric",arxiv:bimetric_varying,,"We study top-down embeddings of massive Anti-de Sitter (AdS) gravity in type-IIB string theory. The supergravity solutions have a AdS$_4$ fiber warped over a manifold M$_6$ whose shape resembles that of scottish bagpipes: The `bag' is a conventional AdS$_4$-compactification manifold, while the `pipes' are highly-curved semi-infinite Janus throats. Besides streamlining previous discussions of the p"
1806.10587,2018-06-27,,Light Particles with Spin in Inflation,Lorenzo Bordin; Paolo Creminelli; Andrei Khmelnitsky; Leonardo Senatore,higuchi,arxiv:higuchi_all,,"The existence of light particles with spin during inflation is prohibited by the Higuchi bound. This conclusion can be evaded if one considers states with a sizeable coupling with the inflaton foliation, since this breaks the de Sitter isometries. The action for these states can be constructed within the Effective Field Theory of Inflation, or using a CCWZ procedure. Light particles with spin have"
1806.10122,2018-06-26,553,Testing General Relativity in Cosmology,"Ishak, Mustapha",,inspire:citing_1206.3852;inspire:citing_1407.4331;inspire:citing_1410.0207;inspire:citing_1503.07436,10.1007/s41114-018-0017-4,"We review recent developments and results in testing general relativity (GR) at cosmological scales. The subject has witnessed rapid growth during the last two decades with the aim of addressing the question of cosmic acceleration and the dark energy associated with it. However, with the advent of precision cosmology, it has also become a well-motivated endeavor by itself to test gravitational phy"
1806.04666,2018-06-12,17,Noncommutative gravity with self-dual variables,"de Cesare, Marco; Sakellariadou, Mairi; Vitale, Patrizia",bimetric,inspire:citing_1407.4331,10.1088/1361-6382/aae3f5,"We build a noncommutative extension of Palatini–Holst theory on a twist-deformed spacetime, generalizing a model that has been previously proposed by Aschieri and Castellani. The twist deformation entails an enlargement of the gauge group, and leads to the introduction of new gravitational degrees of freedom. In particular, the tetrad degrees of freedom must be doubled, thus leading to a bitetrad "
1806.00850,2018-06-03,49,Probing the inflationary particle content: extra spin-2 field,"Dimastrogiovanni, Emanuela; Fasiello, Matteo; Tasinato, Gianmassimo",ghost,inspire:citing_1206.3852;inspire:citing_1308.1647;inspire:citing_1410.0207,10.1088/1475-7516/2018/08/016,We study how inflationary observables associated with primordial tensor modes are affected by coupling the minimal field content with an extra spin-2 particle during inflation. We work with a model that is ghost-free at the fully non-linear level and show how the new degrees of freedom modify standard consistency relations for the tensor bispectrum. The extra interacting spin-2 field is necessaril
1806.00602,2018-06-02,9,Phenomenology of minimal theory of quasidilaton massive gravity,"De Felice, Antonio; Mukohyama, Shinji; Oliosi, Michele",varying,inspire:citing_1404.0008;inspire:citing_1702.04490;inspire:citing_1711.04655,10.1103/PhysRevD.99.044055,The minimal theory of quasidilaton massive gravity with or without a Horndeski-type kinetic term for the quasidilaton field propagates only three physical modes: the two massive tensor polarizations and one scalar mode. This reduced number of degrees of freedom is realized by a Lorentz symmetry violation at cosmological scales and the presence of appropriate constraints that remove unwanted modes.
1806.00483,2018-06-01,16,Pseudolinear spin-2 interactions,"Bonifacio, James; Hinterbichler, Kurt; Johnson, Laura A.","bimetric,ghost",inspire:citing_1308.1647,10.1103/PhysRevD.99.024037,"We show how the pseudolinear interactions for spin-2 particles can be straightforwardly extended to include multiple massive and massless fields without introducing ghosts. When massive spin-2 fields are included, these give simple analogues of bigravity and multigravity theories with mass terms that break linear gauge symmetries. The interactions containing only massless particles cannot be writt"
1805.10650,2018-05-27,53,White dwarfs in de Rham-Gabadadze-Tolley like massive gravity,"Eslam Panah, B.; Liu, H.L.",,inspire:citing_1206.3852;inspire:citing_1308.1647,10.1103/PhysRevD.99.104074,"The existence of possible massive white dwarfs more than the Chandrasekhar limit (1.45 M⊙, in which M⊙ is mass of the sun) is a challenging topic. In this regard, and motivated by the important effect of massive graviton on the structure of white dwarfs, we study the white dwarfs in Vegh’s massive gravity which is known as one of theories of de Rham, Gabadadze, and Tolley (dRGT) like massive gravi"
,2018-05-15,0,"Proceedings, 4th Amazonian Symposium on Physics: Celebrating 100 years of the de Sitter solution and 60 years of Atsushi Higuchi","Crispino, L. C. B.; Dolan, S. R.; Fewster, C. J.; Matsas, G. E. A.",higuchi,inspire:ft_genhiguchi,,
1805.00027,2018-04-30,84,Model-independent reconstruction of the linear anisotropic stress $\eta$,"Pinho, Ana Marta; Casas, Santiago; Amendola, Luca",,inspire:citing_1407.4331,10.1088/1475-7516/2018/11/027,"In this work, we use recent data on the Hubble expansion rate H(z), the quantity fσ8(z) from redshift space distortions and the statistic Eg from clustering and lensing observables to constrain in a model-independent way the linear anisotropic stress parameter η. This estimate is free of assumptions about initial conditions, bias, the abundance of dark matter and the background expansion. We denot"
1804.10835,2018-04-28,,Strength of singularities in varying constants theories,Konrad Marosek; Adam Balcerzak,bimetric,arxiv:bimetric_recent,,In this paper we consider a specific type of the bimetric theory of gravitation with the two different metrics introduced in the cosmological frame. Both metrics respect all the symmetries of the standard FLRW solution and contain conformally related spatial parts. One of the metric is assumed to describe the causal structure for the matter. Another metric defines the causal structure for the grav
1804.09215,2018-04-24,18,Infrared modified gravity with propagating torsion: instability of torsionfull de Sitter-like solutions,"Nikiforova, Vasilisa; Damour, Thibault",gradient,inspire:citing_1407.4331;inspire:citing_1410.0207;inspire:citing_1503.07436,10.1103/PhysRevD.97.124014,"We continue the exploration of the consistency of a modified-gravity theory that generalizes general relativity by including a dynamical torsion in addition to the dynamical metric. The six-parameter theory we consider was found to be consistent around arbitrary torsionless Einstein backgrounds, in spite of its containing a (notoriously delicate) massive spin-2 excitation. At zero bare cosmologica"
1803.09726,2018-03-26,55,Neutron star merger GW170817 strongly constrains doubly coupled bigravity,"Akrami, Yashar; Brax, Philippe; Davis, Anne-Christine; Vardanyan, Valeri",bimetric,arxiv:bimetric_recent;inspire:citing_1308.1647;inspire:citing_1404.0008;inspire:citing_1407.4331;inspire:citing_1410.0207;inspire:citing_1503.07436;inspire:ft_higuchi_bimetric_2016,10.1103/PhysRevD.97.124010,"We study the implications of the recent detection of gravitational waves emitted by a pair of merging neutron stars and their electromagnetic counterpart, events GW170817 and GRB170817A, on the viability of the doubly coupled bimetric models of cosmic evolution, where the two metrics couple directly to matter through a composite, effective metric. We demonstrate that the bounds on the speed of gra"
1803.05059,2018-03-13,7,A quest for a “direct” observation of the Unruh effect with classical electrodynamics: In honor of Atsushi Higuchi 60th anniversary,"Cozzella, Gabriel; Landulfo, Andre G.S.; Matsas, George E.A.; Vanzella, Daniel A.T.",higuchi,inspire:ft_genhiguchi,10.1142/S0218271818430083,"The Unruh effect is essential to keep the consistency of quantum field theory in inertial and uniformly accelerated frames. Thus, the Unruh effect must be considered as well-tested as quantum field theory itself. In spite of it, it would be nice to realize an experiment whose output could be directly interpreted in terms of the Unruh effect. This is not easy because the linear acceleration needed "
1802.08606,2018-02-23,,Speed of gravitational waves and black hole hair,Oliver J. Tattersall; Pedro G. Ferreira; Macarena Lagos,"bimetric,scalar-coupled",arxiv:bimetric_recent,,"The recent detection of GRB 170817A and GW170817 constrains the speed of gravity waves $c_T$ to be that of light, which severely restricts the landscape of modified gravity theories that impact the cosmological evolution of the universe. In this work, we investigate the presence of black hole hair in the remaining viable cosmological theories of modified gravity that respect the constraint $c_T=1$"
1802.01017,2018-02-03,21,Mass-radius ratio bounds for compact objects in Lorentz-violating dRGT massive gravity theory,"Kareeso, Parinya; Burikham, Piyabut; Harko, Tiberiu",ghost,inspire:citing_1407.4331,10.1140/epjc/s10052-018-6408-6,"We consider the mass-radius bounds for spherically symmetric static compact objects in the de Rham-Gabadadze-Tolley (dRGT) massive gravity theories, free of ghosts. In this type of gravitational theories the graviton, the quantum of gravity, may have a small, but non-vanishing mass. We derive the hydrostatic equilibrium and mass continuity equations in the Lorentz-violating massive gravity in the "
1801.07575,2018-01-23,,Magnetic Seed and Cosmology as Quantum Hall Effect,H. Falomir; J. Gamboa; P. Gondolo; F. Mendez,bimetric,arxiv:bimetric_recent,,"In the framework of a bimetric model, we discuss a relation between the (modified) Friedmann equations and a mechanical system similar to the quantum Hall effect problem. Firstly, we show how these modified Friedmann equations are mapped to an anisotropic two-dimensional charged harmonic oscillator in the presence of a constant magnetic field, with the frequencies of the oscillator playing the rol"
1801.07260,2018-01-22,300,Does the Hubble constant tension call for new physics?,"Mörtsell, Edvard; Dhawan, Suhail",,inspire:citing_1308.1647;inspire:citing_1503.07436,10.1088/1475-7516/2018/09/025,"The Λ Cold Dark Matter model (ΛCDM) represents the current standard model in cosmology. Within this, there is a tension between the value of the Hubble constant, H0, inferred from local distance indicators and the angular scale of fluctuations in the Cosmic Microwave Background (CMB). In terms of Bayseian evidence, we investigate whether the tension is significant enough to warrant new physics in "
1801.06764,2018-01-21,,Exact ghost-free bigravitational waves,Eloy Ayón-Beato; Daniel Higuita-Borja; Julio A. Méndez-Zavaleta; Gerardo Velázquez-Rodríguez,"bimetric,scalar-coupled,ghost",arxiv:bimetric_recent;arxiv:bimetric_scalar,,"We study the propagation of exact gravitational waves in the ghost-free bimetric theory. Our focus is on type N spacetimes compatible with the cosmological constants provided by the bigravity interaction potential, and particularly in the single class known by allowing at least a Killing symmetry: the AdS waves. They have the advantage of being represented by a generalized Kerr-Schild transformati"
1708.06502,2018-01-18,55,Limit on graviton mass from galaxy cluster Abell 1689,"Desai, Shantanu",,inspire:citing_1206.3852;inspire:citing_1404.0008,10.1016/j.physletb.2018.01.052,"To date, the only limit on graviton mass using galaxy clusters was obtained by Goldhaber and Nieto in 1974, using the fact that the orbits of galaxy clusters are bound and closed, and extend up to 580 kpc. From positing that only a Newtonian potential gives rise to such stable bound orbits, a limit on the graviton mass mg<1.1×10−29eV was obtained [1] . Recently, it has been shown that one can obta"
,2018,0,Cosmologies with massive gravitons and their properties,"Mazuet, Charles",ghost,inspire:citing_1404.0008;inspire:citing_1407.4331;inspire:citing_1702.04490;inspire:citing_1711.04655,,"Cosmology in general and the cosmological constant problem are highly important as an insight on new physics. Indeed thanks to the discovery of the accelerating expansion of the Universe a whole bunch of new theories appeared. Until then, the General Relativity was the theory describing the Universe at large scale, but now several alternatives are good candidates to provide a better description ab"
1712.09349,2017-12-25,6,Cosmological model due to dimensional reduction of higher-dimensional massive gravity theory,"Nakarachinda, Ratchaphat; Wongjun, Pitayuth","varying,scalar-coupled",inspire:citing_1206.3852;inspire:ft_higuchi_varying,10.1140/epjc/s10052-018-6317-8,"We investigate a cosmological model resulting from a dimensional reduction of the higher-dimensional dRGT massive gravity. By using the Kaluza-Klein dimensional reduction, we obtain an effective four-dimensional massive gravity theory with a scalar field. It is found that the resulting theory corresponds to a combined description of mass-varying massive gravity and quasi-dilaton massive gravity. B"
1712.07066,2017-12-19,179,Nonlocal gravity. Conceptual aspects and cosmological predictions,"Belgacem, Enis; Dirian, Yves; Foffa, Stefano; Maggiore, Michele",,inspire:citing_1407.4331;inspire:citing_1410.0207,10.1088/1475-7516/2018/03/002,"Even if the fundamental action of gravity is local, the corresponding quantum effective action, that includes the effect of quantum fluctuations, is a nonlocal object. These nonlocalities are well understood in the ultraviolet regime but much less in the infrared, where they could in principle give rise to important cosmological effects. Here we systematize and extend previous work of our group, i"
1712.04520,2017-12-11,2,Self-acceleration in scalar-bimetric theories,"Brax, Philippe; Valageas, Patrick","varying,bimetric,scalar-coupled",arxiv:bimetric_recent;arxiv:bimetric_varying;arxiv:idlist_2;inspire:t_bimetric_scalar,10.1103/PhysRevD.97.103516,"We describe scalar-bimetric theories where the dynamics of the Universe are governed by two separate metrics, each with an Einstein-Hilbert term. In this setting, the baryonic and dark matter components of the Universe couple to metrics which are constructed as functions of these two gravitational metrics. More precisely, the two metrics coupled to matter are obtained by a linear combination of th"
1712.00483,2017-12-01,253,MICROSCOPE Mission: First Constraints on the Violation of the Weak Equivalence Principle by a Light Scalar Dilaton,"Bergé, Joel; Brax, Philippe; Métris, Gilles; Pernot-Borràs, Martin","varying,scalar-coupled",inspire:citing_1702.04490,10.1103/PhysRevLett.120.141101,"The existence of a light or massive scalar field with a coupling to matter weaker than gravitational strength is a possible source of violation of the weak equivalence principle. We use the first results on the Eötvös parameter by the MICROSCOPE experiment to set new constraints on such scalar fields. For a massive scalar field of mass smaller than 10-12  eV (i.e., range larger than a few 105  m),"
,2017-12,2,Parameter space for range of bare graviton mass in an FLRW universe based on dRGT massive gravity theory,"Alatas, Husin; Falah, Ahmad K.; Alditia, Randika; Gunara, Bobby E.",higuchi,inspire:citing_1206.3852,10.1016/j.aop.2017.10.011,We discuss the existence of graviton in a Friedmann–Lemaitre–Robertson–Walker (FLRW) metric of isotropic and homogeneous universe based on de Rham–Gabadadze–Tolley (dRGT) nonlinear massive gravity theory. We consider a similar FLRW fiducial metric in the formulation that lead to a Friedmann–Lemaitre equation similar to the case of cosmological constant based dark energy model. We show that these e
1711.10424,2017-11-28,10,Sixth mode in massive gravity,"Celoria, Marco; Comelli, Denis; Pilo, Luigi",ghost,inspire:citing_1206.3852,10.1103/PhysRevD.98.064016,"Generic massive gravity models in the unitary gauge correspond to a self-gravitating medium with six degrees of freedom (d.o.f.). It is widely believed that massive gravity models with six d.o.f. have an unavoidable ghostlike instability; however, the corresponding medium has stable phononlike excitations. The apparent contradiction is solved by the presence of a nonvanishing background pressure a"
1711.09893,2017-11-27,58,"A general theory of linear cosmological perturbations: stability conditions, the quasistatic limit and dynamics","Lagos, Macarena; Bellini, Emilio; Noller, Johannes; Ferreira, Pedro G.","gradient,bimetric,scalar-coupled,ghost",arxiv:bimetric_gradient;arxiv:bimetric_recent;inspire:citing_1410.0207,10.1088/1475-7516/2018/03/021,"We analyse cosmological perturbations around a homogeneous and isotropic background for scalar-tensor, vector-tensor and bimetric theories of gravity. Building on previous results, we propose a unified view of the effective parameters of all these theories. Based on this structure, we explore the viable space of parameters for each family of models by imposing the absence of ghosts and gradient in"
1711.09430,2017-11-26,30,Dark energy survivals in massive gravity after GW170817: SO(3) invariant,"Heisenberg, Lavinia; Tsujikawa, Shinji","scalar-coupled,ghost",inspire:citing_1206.3852;inspire:ft_higuchi_varying,10.1088/1475-7516/2018/01/044,"The recent detection of the gravitational wave signal GW170817 together with an electromagnetic counterpart GRB 170817A from the merger of two neutron stars puts a stringent bound on the tensor propagation speed. This constraint can be automatically satisfied in the framework of massive gravity. In this work, we consider a general SO(3)-invariant massive gravity with five propagating degrees of fr"
1711.07259,2017-11-20,,Cosmological constant constraints from observation-derived energy condition bounds and their application to bimetric massive gravity,M. E. S. Alves; F. C. Carvalho; J. C. N. de Araujo; M. Penna-Lima,bimetric,arxiv:bimetric_recent,,"Among the various possibilities to probe the theory behind the recent accelerated expansion of the universe, the energy conditions (ECs) are of particular interest, since it is possible to confront and constrain the many models, including different theories of gravity, with observational data. In this context, we use the ECs to probe any alternative theory whose extra term acts as a cosmological c"
1711.04655,2017-11-13,14,Stable cosmology in chameleon bigravity,"De Felice, Antonio; Mukohyama, Shinji; Oliosi, Michele; Watanabe, Yota","higuchi,varying,bimetric,scalar-coupled",arxiv:bimetric_higuchi;arxiv:bimetric_recent;arxiv:bimetric_scalar;arxiv:bimetric_varying;arxiv:higuchi_all;arxiv:mg_higuchi_cosmo;inspire:citing_1404.0008;inspire:citing_1702.04490;inspire:ft_genhiguchi;inspire:ft_higuchi_bimetric_2016;inspire:ft_higuchi_varying;inspire:t_bimetric_scalar,10.1103/PhysRevD.97.024050,"The recently proposed chameleonic extension of bigravity theory, by including a scalar field dependence in the graviton potential, avoids several fine-tunings found to be necessary in usual massive bigravity. In particular it ensures that the Higuchi bound is satisfied at all scales, that no Vainshtein mechanism is needed to satisfy Solar System experiments, and that the strong coupling scale is a"
1711.04825,2017-11-13,142,Fate of Large-Scale Structure in Modified Gravity After GW170817 and GRB170817A,"Amendola, Luca; Kunz, Martin; Saltas, Ippocratis D.; Sawicki, Ignacy",scalar-coupled,inspire:citing_1410.0207;inspire:citing_1503.07436,10.1103/PhysRevLett.120.131101,The coincident detection of gravitational waves (GW) and a gamma-ray burst from a merger of neutron stars has placed an extremely stringent bound on the speed of GWs. We showed previously that the presence of gravitational slip (η) in cosmology is intimately tied to modifications of GW propagation. This new constraint implies that the only remaining viable source of gravitational slip is a conform
1711.02635,2017-11-07,40,Anisotropic tensor power spectrum at interferometer scales induced by tensor squeezed non-Gaussianity,"Ricciardone, Angelo; Tasinato, Gianmassimo",higuchi,arxiv:higuchi_all;inspire:citing_1308.1647,10.1088/1475-7516/2018/02/011,"We develop a scenario of inflation with spontaneously broken time and space diffeomorphisms, with distinctive features for the primordial tensor modes. Inflationary tensor fluctuations are not conserved outside the horizon, and can acquire a mass during the inflationary epoch. They can evade the Higuchi bound around de Sitter space, thanks to interactions with the fields driving expansion. Corresp"
1710.06394,2017-10-17,933,Strong constraints on cosmological gravity from GW170817 and GRB 170817A,"Baker, T.; Bellini, E.; Ferreira, P.G.; Lagos, M.","bimetric,scalar-coupled",arxiv:bimetric_recent;inspire:citing_1410.0207,10.1103/PhysRevLett.119.251301,"The detection of an electromagnetic counterpart (GRB 170817A) to the gravitational-wave signal (GW170817) from the merger of two neutron stars opens a completely new arena for testing theories of gravity. We show that this measurement allows us to place stringent constraints on general scalar-tensor and vector-tensor theories, while allowing us to place an independent bound on the graviton mass in"
1709.03108,2017-09-10,16,Horndeski extension of the minimal theory of quasidilaton massive gravity,"De Felice, Antonio; Mukohyama, Shinji; Oliosi, Michele",varying,inspire:citing_1404.0008;inspire:citing_1702.04490,10.1103/PhysRevD.96.104036,"The minimal theory of quasidilaton massive gravity allows for a stable self-accelerating de Sitter solution in a wide range of parameters. On the other hand, in order for the theory to be compatible with local gravity tests, the fifth force due to the quasidilaton scalar needs to be screened at local scales. The present paper thus extends the theory by inclusion of a cubic Horndeski term in a way "
,2017-09,0,Exotic gauge theories of spin-2 fields,"Ondo, Nicholas Andrew",ghost,inspire:citing_1308.1647,,"There has been a resurgence of interest in theories of massive spin-2 fields, owing to the recent discovery of ghost-free self-interactions. In addition to reviewing the historical and recent progress in this subject, I discuss my contributions, including the derivation of the complete decoupling limit of dRGT ghost-free massive gravity, proving no-go theorems on ghost-free interactions for charge"
1708.09796,2017-08-31,,Comparing metric and Palatini approaches to vector Horndeski theory,E. A. Davydov,bimetric,arxiv:bimetric_recent,,"We compare cosmologic and spherically symmetric solutions to metric and Palatini versions of vector Horndeski theory. It appears that Palatini formulation of the theory admits more degrees of freedom. Specifically, homogeneous isotropic configuration is effectively bimetric, and static spherically symmetric configuration contains non-metric connection. In general, the exact solution in metric case"
1708.06764,2017-08-22,,Self-interacting Spin-2 Dark Matter,Xiaoyong Chu; Camilo Garcia-Cely,"bimetric,ghost",arxiv:bimetric_recent,,"Recent developments in bigravity allow one to construct consistent theories of interacting spin-2 particles that are free of ghosts. In this framework, we propose an elementary spin-2 dark matter candidate with a mass well below the TeV scale. We show that, in a certain regime where the interactions induced by the spin-2 fields do not lead to large departures from the predictions of general relati"
1708.04253,2017-08-14,,Oscillating Spin-2 Dark Matter,Luca Marzola; Martti Raidal; Federico R. Urban,bimetric,arxiv:bimetric_recent,,"We show that the coherent oscillations of a spin-2 field from bimetric theory can easily account for the observed dark matter abundance. We obtain the equation of motion for the field in a cosmological setting and discuss in detail the phenomenology of the model. The framework is testable in precision measurements of oscillating electric charge in atomic clocks, using atomic spectroscopy and in de"
1708.01969,2017-08-06,14,Massive graviton dark matter with environment dependent mass: A natural explanation of the dark matter-baryon ratio,"Aoki, Katsuki; Mukohyama, Shinji","varying,bimetric",arxiv:bimetric_varying;arxiv:idlist_2;inspire:citing_1206.3852;inspire:citing_1308.1647;inspire:citing_1404.0008;inspire:citing_1702.04490;inspire:citing_1711.04655,10.1103/PhysRevD.96.104039,"We propose a scenario that can naturally explain the observed dark matter-baryon ratio in the context of bimetric theory with a chameleon field. We introduce two additional gravitational degrees of freedom, the massive graviton and the chameleon field, corresponding to dark matter and dark energy, respectively. The chameleon field is assumed to be nonminimally coupled to dark matter, i.e., the mas"
1708.01587,2017-08-04,31,Possible signatures of the inflationary particle content: spin-2 fields,"Biagetti, Matteo; Dimastrogiovanni, Emanuela; Fasiello, Matteo","higuchi,ghost",arxiv:higuchi_all;inspire:citing_1206.3852;inspire:citing_1308.1647;inspire:citing_1404.0008;inspire:citing_1410.0207,10.1088/1475-7516/2017/10/038,"We study the imprints of a massive spin-2 field on inflationary observables, and in particular on the breaking of consistency relations. In this setup, the minimal inflationary field content interacts with the massive spin-2 field through dRGT interactions, thus guaranteeing the absence of Boulware-Deser ghostly degrees of freedom. The unitarity requirement on spinning particles, known as Higuchi "
1707.05003,2017-07-17,51,Condensate of Massive Graviton and Dark Matter,"Aoki, Katsuki; Maeda, Kei-ichi","bimetric,ghost",inspire:citing_1206.3852;inspire:citing_1308.1647;inspire:citing_1404.0008,10.1103/PhysRevD.97.044002,We study coherently oscillating massive gravitons in the ghost-free bigravity theory. This coherent field can be interpreted as a condensate of the massive gravitons. We first define the effective energy-momentum tensor of the coherent massive gravitons in a curved spacetime. We then study the background dynamics of the Universe and the cosmic structure formation including the effects of the coher
1707.02231,2017-07-06,93,Black holes in massive gravity as heat engines,"Hendi, S.H.; Eslam Panah, B.; Panahiyan, S.; Liu, H.",,inspire:citing_1308.1647,10.1016/j.physletb.2018.03.072,"The paper at hand studies the heat engine provided by black holes in the presence of massive gravity. The main motivation is to investigate the effects of massive gravity on different properties of the heat engine. It will be shown that massive gravity parameters modify the efficiency of engine on a significant level. Furthermore, it will be pointed out that it is possible to have a heat engine fo"
1707.02004,2017-07-06,12,Stable cosmology in ghost-free quasidilaton theory,"Gumrukcuoglu, A. Emir; Koyama, Kazuya; Mukohyama, Shinji","varying,ghost",arxiv:idlist_2;inspire:citing_1404.0008,10.1103/PhysRevD.96.044041,"We present a novel cosmological solution in the framework of extended quasidilaton theory which underwent scrutiny recently. We only consider terms that do not generate the Boulware-Deser degree of freedom, hence the ghost-free quasidilaton theory, and show three new branches of cosmological evolution therein. One of the solutions passes the perturbative stability tests. This new solution exhibits"
,2017-06-10,8,Magnetic brane solutions in Gauss–Bonnet–Maxwell massive gravity,"Hendi, Seyed Hossein; Eslam Panah, Behzad; Panahiyan, Shahram; Momennia, Mehrab",,inspire:citing_1308.1647,10.1016/j.physletb.2017.06.012,"Magnetic branes of Gauss–Bonnet–Maxwell theory in the context of massive gravity is studied in detail. Exact solutions are obtained and their interesting geometrical properties are investigated. It is argued that although these horizonless solutions are free of curvature singularity, they enjoy a cone-like geometry with a conic singularity. In order to investigate the effects of various parameters"
1705.10990,2017-05-31,3,On the occurrence of gauge-dependent secularities in nonlinear gravitational waves,"Briscese, Fabio; Santini, Paolo Maria",,inspire:citing_1407.4331,10.1088/1361-6382/aa7451,"We study the plane (not necessarily monochromatic) gravitational waves at nonlinear quadratic order on a flat background in vacuum. We show that, in the harmonic gauge, the nonlinear waves are unstable. We argue that, at this order, this instability can not be eliminated by means of a multiscale approach, i.e. introducing suitable long variables, as is often the case when secularities appear in a "
1705.05768,2017-05-16,42,Narrowing down the possible explanations of cosmic acceleration with geometric probes,"Dhawan, Suhail; Goobar, Ariel; Mörtsell, Edvard; Amanullah, Rahman","bimetric,scalar-coupled",arxiv:bimetric_desi;arxiv:bimetric_recent;inspire:citing_1308.1647;inspire:citing_1404.0008;inspire:citing_1407.4331;inspire:citing_1410.0207;inspire:citing_1503.07436,10.1088/1475-7516/2017/07/040,"Recent re-calibration of the Type Ia supernova (SNe Ia) magnitude-redshift relation combined with cosmic microwave background (CMB) and baryon acoustic oscillation (BAO) data have provided excellent constraints on the standard cosmological model. Here, we examine particular classes of alternative cosmologies, motivated by various physical mechanisms, e.g. scalar fields, modified gravity and phase "
1705.05834,2017-05-16,,On the Inflationary Perturbations of Massive Higher-Spin Fields,Alex Kehagias; Antonio Riotto,higuchi,arxiv:higuchi_all,,"Cosmological perturbations of massive higher-spin fields are generated during inflation, but they decay on scales larger than the Hubble radius as a consequence of the Higuchi bound. By introducing suitable couplings to the inflaton field, we show that one can obtain statistical correlators of massive higher-spin fields which remain constant or decay very slowly outside the Hubble radius. This ope"
,2017-05-15,0,Modified Gravity and Cosmology on the Largest Scales,"Terrana, Alexandra Eileen",bimetric,inspire:citing_1407.4331;inspire:citing_1410.0207,,"This dissertation presents a series of my contributions to research in theoretical cosmology, focusing on aspects of the very large scale universe, particularly dark energy, cosmic acceleration, modified gravity, and cosmic variance. Following an overview of the current understanding of the standard cosmological model in chapter 1, three pertinent topics are discussed in detail. A common theme amo"
1705.04145,2017-05-08,,Spherically Symmetric Cosmological Model with Charged Anisotropic Fluid in Higher Dimensional Rosen's Bimetric Theory of Gravitation,A. H. Hasmani; D. N. Pandya,bimetric,arxiv:bimetric_recent,,In this paper we have obtained cosmological models for the static spherically symmetric spacetime with charged anisotropic fluid distribution in (n+2)-dimensions in context of Rosen's Bimetric General Relativity (BGR). An exact solution is obtained and a special case is considered.
1704.08603,2017-04-27,3,Possible Derivative Interactions in Massive bi-Gravity,"Tukhashvili, Giorgi","bimetric,ghost",inspire:citing_1308.1647,,"Using the metric formalism, we study the derivative mixings of spin-2 fields in massive bi-Gravity. Necessary (but not sufficient) criteria are given for such mixings to be ghost free. Examples satisfying those criteria are studied and it is shown that in the decoupling limit they host a ghost."
1704.07552,2017-04-25,21,Screening in perturbative approaches to LSS,"Fasiello, Matteo; Vlah, Zvonimir",,inspire:citing_1308.1647,10.1016/j.physletb.2017.08.032,"A specific value for the cosmological constant Λ can account for late-time cosmic acceleration. However, motivated by the so-called cosmological constant problem(s), several alternative mechanisms have been explored. To date, a host of well-studied dynamical dark energy and modified gravity models exists. Going beyond ΛCDM often comes with additional degrees of freedom (dofs). For these to pass ex"
1704.00996,2017-04-01,24,Three dimensional magnetic solutions in massive gravity with (non)linear field,"Hendi, S.H.; Eslam Panah, B.; Panahiyan, S.; Momennia, M.",,inspire:citing_1308.1647,10.1016/j.physletb.2017.10.053,"The Noble Prize in physics 2016 motivates one to study different aspects of topological properties and topological defects as their related objects. Considering the significant role of the topological defects (especially magnetic strings) in cosmology, here, we will investigate three dimensional horizonless magnetic solutions in the presence of two generalizations: massive gravity and nonlinear el"
,2017-04,0,Testing gravity at cosmological scales,"Lagos Urbina, Macarena Alejandra","bimetric,scalar-coupled",inspire:citing_1206.3852;inspire:citing_1308.1647;inspire:citing_1404.0008;inspire:citing_1407.4331;inspire:citing_1410.0207;inspire:citing_1503.07436,10.25560/52405,"Our understanding of the Universe is based on the ΛCDM model which, although the best cosmological model so far, relies on the presence of major unknown components – dark matter, dark energy, and an inflationary field – which in turn play a crucial role in the evolution of the Universe. These limitations of the model suggest that we may need to introduce modifications at cosmological scales. Indee"
,2017-03-23,1,Embedding Ghost-free Bigravity into Higher-Dimensional Gravity,"Yamashita, Yasuho","bimetric,ghost",inspire:citing_1308.1647;inspire:citing_1404.0008;inspire:citing_1407.4331;inspire:citing_1503.07436,10.14989/doctor.k20177,"General relativity is the current standard theory of gravity in which massless gravitonsare the unique degrees of freedom that describe the dynamical nature of gravity. Thereare many other modi ed gravity theories. But gravitons are still massless in almost allof those theories. As one of the possibilities to challenge this fundamental nature ofgravity, bigravity,i.e., a gravitational theory that "
1703.07785,2017-03-22,65,Gravitational Wave Oscillations in Bigravity,"Max, Kevin; Platscher, Moritz; Smirnov, Juri",bimetric,inspire:citing_1404.0008,10.1103/PhysRevLett.119.111101,"We derive consistent equations for gravitational wave oscillations in bigravity. In this framework a second dynamical tensor field is introduced in addition to general relativity and coupled such that one massless and one massive linear combination arise. Only one of the two tensors is the physical metric coupling to matter, and thus the basis in which gravitational waves propagate is different fr"
1702.08908,2017-02-28,27,"On nonlocally interacting metrics, and a simple proposal for cosmic acceleration","Vardanyan, Valeri; Akrami, Yashar; Amendola, Luca; Silvestri, Alessandra",ghost,inspire:citing_1308.1647;inspire:citing_1404.0008;inspire:citing_1407.4331;inspire:citing_1410.0207;inspire:citing_1503.07436,10.1088/1475-7516/2018/03/048,"We propose a simple, nonlocal modification to general relativity (GR) on large scales, which provides a model of late-time cosmic acceleration in the absence of the cosmological constant and with the same number of free parameters as in standard cosmology. The model is motivated by adding to the gravity sector an extra spin-2 field interacting nonlocally with the physical metric coupled to matter."
1702.04490,2017-02-15,18,Extending applicability of bimetric theory: chameleon bigravity,"De Felice, Antonio; Mukohyama, Shinji; Uzan, Jean-Philippe","higuchi,varying,bimetric",arxiv:bimetric_higuchi;arxiv:bimetric_recent;arxiv:bimetric_varying;arxiv:higuchi_all;arxiv:mg_higuchi_cosmo;inspire:abs_higuchi_bimetric;inspire:citing_1308.1647;inspire:citing_1404.0008;inspire:citing_1407.4331;inspire:citing_1410.0207;inspire:citing_1711.04655;inspire:ft_genhiguchi;inspire:ft_higuchi_bimetric_2016;inspire:ft_higuchi_varying;inspire:t_bimetric_scalar,10.1007/s10714-018-2342-z,"This article extends bimetric formulations of massive gravity to make the mass of the graviton to depend on its environment. This minimal extension offers a novel way to reconcile massive gravity with local tests of general relativity without invoking the Vainshtein mechanism. On cosmological scales, it is argued that the model is stable and that it circumvents the Higuchi bound, hence relaxing th"
1701.07747,2017-01-26,18,Dipolar Dark Matter as an Effective Field Theory,"Blanchet, Luc; Heisenberg, Lavinia","bimetric,ghost",inspire:citing_1308.1647,10.1103/PhysRevD.96.083512,Dipolar dark matter is an alternative model motivated by the challenges faced by the standard cold dark matter model to describe the right phenomenology at galactic scales. A promising realization of dipolar dark matter was recently proposed in the context of massive bigravity theory. The model contains dark matter particles as well as a vector field coupled to the effective composite metric of bi
1701.05462,2017-01-19,,Inflation and Conformal Invariance: The Perspective from Radial Quantization,Alex Kehagias; Antonio Riotto,"higuchi,scalar-coupled",arxiv:higuchi_all,,"According to the dS/CFT correspondence, correlators of fields generated during a primordial de Sitter phase are constrained by three-dimensional conformal invariance. Using the properties of radially quantized conformal field theories and the operator-state correspondence, we glean information on some points. The Higuchi bound on the masses of spin-s states in de Sitter is a direct consequence of "
1702.00432,2017-01-03,218,Van der Waals like behavior of topological AdS black holes in massive gravity,"Hendi, S.H.; Mann, R.B.; Panahiyan, S.; Eslam Panah, B.",,inspire:citing_1308.1647,10.1103/PhysRevD.95.021501,"Motivated by recent developments in black hole thermodynamics, we investigate van der Waals phase transitions of charged black holes in massive gravity. We find that massive gravity theories can exhibit strikingly different thermodynamic behavior compared to that of Einstein gravity, and that the mass of the graviton can generate a range of new phase transitions for topological black holes that ar"
1701.00710,2017-01-02,19,Cosmological histories in bimetric gravity: A graphical approach,"Mortsell, Edvard","bimetric,ghost",arxiv:bimetric_recent;arxiv:idlist_2;inspire:citing_1308.1647;inspire:citing_1404.0008;inspire:citing_1407.4331;inspire:citing_1410.0207;inspire:citing_1503.07436;inspire:ft_higuchi_bimetric_2016,10.1088/1475-7516/2017/02/051,"The bimetric generalization of general relativity has been proven to be able to give an accelerated background expansion consistent with observations. Apart from the energy densities coupling to one or both of the metrics, the expansion will depend on the cosmological constant contribution to each of them, as well as the three parameters describing the interaction between the two metrics. Even for"
1701.01039,2017-01-01,81,Neutron stars structure in the context of massive gravity,"Hendi, S.H.; Bordbar, G.H.; Eslam Panah, B.; Panahiyan, S.",,inspire:citing_1308.1647,10.1088/1475-7516/2017/07/004,"Motivated by the recent interests in spin−2 massive gravitons, we study the structure of neutron star in the context of massive gravity. The modifications of TOV equation in the presence of massive gravity are explored in 4 and higher dimensions. Next, by considering the modern equation of state for the neutron star matter (which is extracted by the lowest order constrained variational (LOCV) meth"
,2017,0,Cosmological Viability of Theories with Massive Spin-2 Fields,"Könnig, Frank","bimetric,ghost",inspire:citing_1206.3852;inspire:citing_1308.1647;inspire:citing_1407.4331;inspire:citing_1410.0207;inspire:citing_1503.07436,10.11588/heidok.00022932,"Theories of spin-2 fields take on a particular role in modern physics. They do not only describe the mediation of gravity, the only theory of fundamental interactions ofwhich no quantum field theoretical description exists, it furthermore was thought that they necessarily predict massless gauge bosons. Just recently, a consistent theory ofa massive graviton was constructed and, subsequently, gener"
,2017,0,Conceptual and cosmological aspects of infrared modifications of gravity,"Cusin, Giulia",,inspire:citing_1206.3852;inspire:citing_1308.1647;inspire:citing_1404.0008;inspire:citing_1407.4331;inspire:citing_1410.0207;inspire:citing_1503.07436;inspire:ft_genhiguchi,10.13097/archive-ouverte/unige:103407,"In this thesis we present some conceptual and cosmological aspects of two classes of modified gravity models which have been recently proposed with the aim of explaining the observed accelerated expansion in the evolution of our Universe without the need of introducing a cosmological constant term in the gravity action. Explicitly, we illustrate the main features of massive (bi)-gravity and of a c"
,2017,0,Cosmological and astrophysical Vainshtein mechanism in bigravity,"Aoki, Katsuki; Maeda, Kei-ichi; Tanabe, Makoto; Namba, Ryo","gradient,bimetric,ghost",inspire:citing_1404.0008;inspire:citing_1407.4331;inspire:ft_higuchi_bimetric_2016,10.1142/9789813226609_0134,"Although the linear massive spin-2 theory is not restored to general relativity (GR) even in a massless limit, Vainshtein proposed the discontinuity can be resolved by taking into account nonlinear interactions. We consider whether the nonlinear ghost-free bigravity theory can be restored to GR both in the cosmological background and in the strong gravitational field based on a spherically symmetr"
,2016-12-29,0,"LRS Bianchi type I magnetized cosmological model with perfect fluid and with quintessence, Chaplygin gas dark energy in bimetric theory of gravitation","Borkar, M.S.; Gayakwad, P.V.","bimetric,scalar-coupled",inspire:t_bimetric_scalar,10.1142/S0218271817500614,"We studied the LRS Bianchi type I cosmological models with perfect fluid, quintessence and standard Chaplygin gas dark energy in the presence as well as in the absence of magnetic field K, in bimetric theory of gravitation. It is realized that the magnetic field controlled the whole behavior of the models. In the absence of magnetic field, these models exists and the model never exists in the pres"
1701.00811,2016-12-21,8,Cosmological perturbation and matter power spectrum in bimetric massive gravity,"Geng, Chao-Qiang; Lee, Chung-Chi; Zhang, Kaituo","bimetric,ghost",arxiv:bimetric_recent;arxiv:idlist_status;inspire:citing_1404.0008;inspire:citing_1407.4331;inspire:citing_1410.0207;inspire:citing_1503.07436;inspire:ft_higuchi_bimetric_2016,10.1016/j.aop.2018.02.001,We discuss the linear perturbation equations with the synchronous gauge in a minimal scenario of the bimetric massive gravity theory. We find that the matter density perturbation and matter power spectrum are suppressed. We also examine the ghost and stability problems and show that the allowed deviation of this gravitational theory from the cosmological constant is constrained to be smaller than 
1612.02002,2016-12-06,40,Nonstandard gravitational waves imply gravitational slip: On the difficulty of partially hiding new gravitational degrees of freedom,"Sawicki, Ignacy; Saltas, Ippocratis D.; Motta, Mariele; Amendola, Luca",bimetric,arxiv:bimetric_recent;inspire:citing_1407.4331;inspire:citing_1410.0207,10.1103/PhysRevD.95.083520,"In many generalized models of gravity, perfect fluids in cosmology give rise to gravitational slip. Simultaneously, in very broad classes of such models, the propagation of gravitational waves is altered. We investigate the extent to which there is a one-to-one relationship between these two properties in three classes of models with one extra degree of freedom: scalar (Horndeski and beyond), vect"
1611.09385,2016-11-28,,Degravitation of the Cosmological Constant in Bigravity,Moritz Platscher; Juri Smirnov,"bimetric,ghost",arxiv:bimetric_recent,,"In this article the phenomenon of degravitation of the cosmological constant is studied in the framework of bigravity. It is demonstrated that despite a sizable value of the cosmological constant its gravitational effect can be only mild. The bigravity framework is chosen for this demonstration as it leads to a consistent, ghost-free theory of massive gravity. We show that degravitation takes plac"
1610.07346,2016-10-24,5,Self-acceleration and matter content in bicosmology from Noether Symmetries,"Bouhmadi-López, Mariam; Capozziello, Salvatore; Martín-Moruno, Prado",bimetric,arxiv:bimetric_recent;inspire:citing_1206.3852;inspire:citing_1308.1647;inspire:citing_1404.0008;inspire:citing_1407.4331,10.1007/s10714-018-2357-5,"In bigravity, when taking into account the potential existence of matter fields minimally coupled to the second gravitation sector, the dynamics of our Universe depends on some matter that cannot be observed in a direct way. In this paper, we assume the existence of a Noether symmetry in bigravity cosmologies in order to constrain the dynamics of that matter. By imposing this assumption we obtain "
1610.02892,2016-10-10,39,Noether identities in gravity theories with nondynamical backgrounds and explicit spacetime symmetry breaking,"Bluhm, Robert; Sehic, Amar",,inspire:citing_1206.3852,10.1103/PhysRevD.94.104034,"Gravitational effective field theories with nondynamical backgrounds explicitly break diffeomorphism and local Lorentz invariance. At the same time, to maintain observer independence the action describing these theories is required to be mathematically invariant under general coordinate transformations and changes of local Lorentz bases. These opposing effects of having broken spacetime symmetries"
1610.00553,2016-10-03,25,A general theory of linear cosmological perturbations: bimetric theories,"Lagos, Macarena; Ferreira, Pedro G.",bimetric,arxiv:bimetric_recent;arxiv:idlist_2;inspire:citing_1206.3852;inspire:citing_1308.1647;inspire:citing_1404.0008;inspire:citing_1407.4331;inspire:citing_1410.0207;inspire:citing_1503.07436;inspire:ft_higuchi_bimetric_2016;inspire:ft_higuchi_varying,10.1088/1475-7516/2017/01/047,"We implement the method developed in [1] to construct the most general parametrised action for linear cosmological perturbations of bimetric theories of gravity. Specifically, we consider perturbations around a homogeneous and isotropic background, and identify the complete form of the action invariant under diffeomorphism transformations, as well as the number of free parameters characterising th"
1609.09515,2016-09-29,23,Gauge and global symmetries of the candidate partially massless bimetric gravity,"Apolo, Luis; Hassan, S.F.; Lundkvist, Anders","bimetric,ghost",inspire:ft_higuchi_varying,10.1103/PhysRevD.94.124055,"In this paper we investigate a particular ghost-free bimetric theory that exhibits the partially massless (PM) symmetry at quadratic order. At this order the global SO(1,4) symmetry of the theory is enhanced to SO(1,5). We show that this global symmetry becomes inconsistent at cubic order, in agreement with a previous calculation. Furthermore, we find that the PM symmetry of this theory cannot be "
1609.06557,2016-09-21,2,New Bi-Gravities,"Akhavan, Amin; Naseh, Ali; Nemati, Azadeh; Shirzad, Ahmad",ghost,inspire:citing_1206.3852;inspire:citing_1407.4331,,"We show that the problem of ghosts in critical gravity and its higher dimensional extensions can be resolved by giving dynamics to the symmetric rank two auxiliary field existing in the action of these theories. These New Bi-Gravities, at linear level around the AdS vacuum, are free of Boulware-Deser ghost, kinetic ghost and tachyonic instability within the particular range of parameters. Moreover"
1609.02937,2016-09-09,8,Estimates of cluster masses in screened modified gravity,"Gronke, Max; Hammami, A.; Mota, David F.; Winther, Hans A.",scalar-coupled,inspire:citing_1407.4331,10.1051/0004-6361/201628644,"We use cosmological hydrodynamical simulations to study the effect of screened modifiedgravity models on the mass estimates of galaxy clusters. In particular, we focus on twonovel aspects: (i) we study modified gravity models in which baryons and dark matter arecoupled with different strengths to the scalar field, and; (ii) we put the simulationresults into the greater context of a general screene"
1608.06493,2016-08-23,12,Cosmology with moving bimetric fluids,"García-García, Carlos; Maroto, Antonio L.; Martín-Moruno, Prado","bimetric,ghost",arxiv:bimetric_recent;inspire:citing_1206.3852;inspire:citing_1407.4331;inspire:citing_1410.0207,10.1088/1475-7516/2016/12/022,We study cosmological implications of bigravity and massive gravity solutions with non-simultaneously diagonal metrics by considering the generalized Gordon and Kerr-Schild ansatzes. The scenario that we obtain is equivalent to that of General Relativity with additional non-comoving perfect fluids. We show that the most general ghost-free bimetric theory generates three kinds of effective fluids w
1608.06643,2016-08-23,5,On scale-free extensions of massive (bi-)gravity,"Cusin, Giulia; Khosravi, Nima; Noller, Johannes","bimetric,scalar-coupled,ghost",arxiv:bimetric_recent;arxiv:bimetric_scalar;arxiv:idlist_2;inspire:citing_1308.1647;inspire:citing_1407.4331;inspire:citing_1410.0207,10.1007/JHEP02(2017)098,"We discuss a scale-free model of bigravity, in which the mass parameter of the standard bigravity potential is promoted to a dynamical scalar field. This modification retains the ghost-free bigravity structure, in particular it remains free of the Boulware-Deser ghost. We investigate the theory’s interaction structure, focusing on its consistent scaling limits and strong coupling scales. Furthermo"
,2016-08-05,0,Multi-Gravity: Can You Have Too Much of A Good Thing?,"Scargill, James H.C.","bimetric,ghost",inspire:citing_1308.1647,,"The ongoing quest to map the space of possible, consistent field theories, and to determine their properties, is extremely interesting from a purely theoretical perspective, as well as being a prerequisite for the phenomenological application of any such theories. To that end, this thesis is concerned with various theoretical aspects of multi-gravity theories—that is, theories which contain multip"
1608.01060,2016-08-02,5,Nonlocal Galileons and Self-Acceleration,"Gabadadze, Gregory; Yu, Siqing",,inspire:citing_1404.0008,10.1016/j.physletb.2017.03.027,"A certain class of nonlocal theories eliminates an arbitrary cosmological constant (CC) from a universe that can be perceived as our world. Dark energy then cannot be explained by a CC; it could however be due to massive gravity. We calculate the new corrections, which originate from the nonlocal terms that eliminate the CC, to the decoupling limit Lagrangian of massive gravity. The new nonlocal t"
1607.05146,2016-07-18,9,"Fundamental fields around compact objects: Massive spin-2 fields, Superradiant instabilities and Stars with dark matter cores","Brito, Richard Pires",varying,inspire:citing_1308.1647,,"Fundamental bosonic fields of arbitrary spin are predicted by generic extensions of the Standard Model and of General Relativity, and are well-motivated candidates to explain the dark components of the Universe. One of most promising channels to look for their presence is through their gravitational interaction with compact objects. Within this context, in this thesis I study several mechanisms by"
1607.04377,2016-07-15,18,On the stability of Einstein static universe at background level in massive bigravity,"Mousavi, M.; Darabi, F.",bimetric,arxiv:bimetric_recent;inspire:citing_1206.3852;inspire:citing_1308.1647;inspire:citing_1404.0008;inspire:citing_1503.07436;inspire:ft_higuchi_bimetric_2016,10.1016/j.nuclphysb.2017.04.002,We study the static cosmological solutions and their stability at background level in the framework of massive bigravity theory with Friedmann–Robertson–Walker (FRW) metrics. By the modification proposed in the cosmological equations subject to a perfect fluid we obtain new solutions interpreted as the Einstein static universe. It turns out that the non-vanishing size of initial scale factor of Ei
1607.03497,2016-07-12,161,Heavy spin-2 Dark Matter,"Babichev, Eugeny; Marzola, Luca; Raidal, Martti; Schmidt-May, Angnis","bimetric,ghost",arxiv:bimetric_recent;inspire:citing_1404.0008;inspire:citing_1410.0207,10.1088/1475-7516/2016/09/016,"We provide further details on a recent proposal addressing the nature of the dark sectors in cosmology and demonstrate that all current observations related to Dark Matter can be explained by the presence of a heavy spin-2 particle. Massive spin-2 fields and their gravitational interactions are uniquely described by ghost-free bimetric theory, which is a minimal and natural extension of General Re"
1607.00173,2016-07-01,4,Vainshtein mechanism in massive gravity nonlinear sigma models,"Aoki, Katsuki; Mizuno, Shuntaro","gradient,bimetric,ghost",arxiv:bimetric_gradient;arxiv:idlist_2;inspire:citing_1308.1647,10.1103/PhysRevD.94.064054,We study the stability of the Vainshtein screening solution of massive gravity/bigravity based on the massive nonlinear sigma model as the effective action inside the Vainshtein radius. The effective action is obtained by taking the Λ2 decoupling limit around a curved spacetime. First we derive a general consequence that any Ricci flat Vainshtein screening solution is unstable when we take into ac
1606.08462,2016-06-27,291,Graviton Mass Bounds,"de Rham, Claudia; Deskins, J. Tate; Tolley, Andrew J.; Zhou, Shuang-Yong",,inspire:citing_1206.3852,10.1103/RevModPhys.89.025004,"Recently, aLIGO announced the first direct detections of gravitational waves, a direct manifestation of the propagating degrees of freedom of gravity. The detected signals GW150914 and GW151226 have been used to examine the basic properties of these gravitational degrees of freedom, particularly setting an upper bound on their mass. It is timely to review what the mass of these gravitational degre"
1606.06141,2016-06-20,,Doubly coupled matter fields in massive bigravity,Xian Gao; Lavinia Heisenberg,"bimetric,ghost",arxiv:bimetric_recent,,"In the context of massive (bi-)gravity non-minimal matter couplings have been proposed. These couplings are special in the sense that they are free of the Boulware-Deser ghost below the strong coupling scale and can be used consistently as an effective field theory. Furthermore, they enrich the phenomenology of massive gravity. We consider these couplings in the framework of bimetric gravity and s"
1606.05590,2016-06-17,11,Dark Energy and Doubly Coupled Bigravity,"Brax, Philippe; Davis, Anne-Christine; Noller, Johannes","bimetric,ghost",arxiv:bimetric_recent;arxiv:idlist_2;inspire:citing_1308.1647;inspire:citing_1407.4331;inspire:citing_1410.0207;inspire:citing_1503.07436;inspire:ft_higuchi_bimetric_2016;inspire:ft_higuchi_varying,10.1088/1361-6382/aa6856,We analyse the late time cosmology and the gravitational properties of doubly coupled bigravity in the constrained vielbein formalism (equivalent to the metric formalism) when the mass of the massive graviton is of the order of the present Hubble rate. We focus on one of the two branches of background cosmology where the ratio between the scale factors of the two metrics is algebraically determine
1606.00618,2016-06-02,,Jeans' Ghost,A. Emir Gumrukcuoglu; Shinji Mukohyama; Thomas P. Sotiriou,"scalar-coupled,ghost",arxiv:idlist_status,,"We show that a massless canonical scalar field minimally coupled to general relativity can become a tachyonic ghost at low energies around a background in which the scalar's gradient is spacelike. By performing a canonical transformation we demonstrate that this low energy ghost can be recast, at the level of the action, in a form of a fluid that undergoes a Jeans-like instability affecting only m"
1606.00180,2016-06-01,1072,Cosmology and fundamental physics with the Euclid satellite,"Amendola, Luca; Appleby, Stephen; Avgoustidis, Anastasios; Bacon, David",,inspire:citing_1206.3852;inspire:citing_1407.4331;inspire:citing_1410.0207;inspire:citing_1503.07436;inspire:ft_genhiguchi,10.1007/s41114-017-0010-3,Euclid is a European Space Agency medium-class mission selected for launch in 2020 within the cosmic vision 2015–2025 program. The main goal of Euclid is to understand the origin of the accelerated expansion of the universe. Euclid will explore the expansion history of the universe and the evolution of cosmic structures by measuring shapes and red-shifts of galaxies as well as the distribution of 
1605.08757,2016-05-27,16,A spectre is haunting the cosmos: Quantum stability of massive gravity with ghosts,"Könnig, Frank; Nersisyan, Henrik; Akrami, Yashar; Amendola, Luca","scalar-coupled,ghost",inspire:citing_1206.3852,10.1007/JHEP11(2016)118,"Many theories of modified gravity with higher order derivatives are usually ignored because of serious problems that appear due to an additional ghost degree of freedom. Most dangerously, it causes an immediate decay of the vacuum. However, breaking Lorentz invariance can cure such abominable behavior. By analyzing a model that describes a massive graviton together with a remaining Boulware-Deser "
1605.08424,2016-05-26,65,Tensor Squeezed Limits and the Higuchi Bound,"Bordin, Lorenzo; Creminelli, Paolo; Mirbabayi, Mehrdad; Noreña, Jorge","higuchi,scalar-coupled",arxiv:higuchi_all;inspire:citing_1206.3852;inspire:ft_genhiguchi,10.1088/1475-7516/2016/09/041,We point out that tensor consistency relations—i.e. the behavior of primordial correlation functions in the limit a tensor mode has a small momentum—are more universal than scalar consistency relations. They hold in the presence of multiple scalar fields and as long as anisotropies are diluted exponentially fast. When de Sitter isometries are approximately respected during inflation this is guaran
1605.05790,2016-05-18,6,Primordial fluctuations from inflation in dRGT bimetric theory of gravity,"Sakakihara, Yuki; Tanaka, Takahiro","bimetric,scalar-coupled",inspire:citing_1206.3852;inspire:citing_1404.0008;inspire:citing_1407.4331;inspire:citing_1410.0207;inspire:ft_genhiguchi,10.1088/1475-7516/2016/09/033,"We investigate primordial gravitational waves and curvature perturbations in de Rham-Gabadadze-Tolley (dRGT) bimetric gravity. We evaluate the power-spectra in the leading order in slow roll. Taking into account the decay of massive graviton, we find that the action up to the second order reduces to the Einstein theory with a non-minimally coupled scalar field, which is simplified to a minimally c"
1605.03405,2016-05-10,5,Constraint on ghost-free bigravity from gravitational Cherenkov radiation,"Kimura, Rampei; Tanaka, Takahiro; Yamamoto, Kazuhiro; Yamashita, Yasuho","bimetric,ghost",inspire:citing_1404.0008,10.1103/PhysRevD.94.064059,"We investigate gravitational Cherenkov radiation in a healthy branch of background solutions in the ghost-free bigravity model. In this model, because of the modification of dispersion relations, each polarization mode can possess subluminal phase velocities, and the gravitational Cherenkov radiation could be potentially emitted from a relativistic particle. In the present paper, we derive conditi"
1604.08564,2016-04-28,108,Bigravitational origin of dark matter,"Babichev, Eugeny; Marzola, Luca; Raidal, Martti; Schmidt-May, Angnis",,arxiv:bimetric_recent;inspire:citing_1404.0008,10.1103/PhysRevD.94.084055,"Observational evidence for dark matter is limited to gravitational effects. Dedicated searches have yielded null results, challenging the most popular models. This can be explained if cold dark matter is a massive spin-2 particle and, thus, a manifestation of gravity itself. In the unique consistent theory for a massless and a massive spin-2 field, the latter can be heavy, stable on cosmological s"
1604.07568,2016-04-26,32,Higher dimensional massive bigravity,"Do, Tuan Q.",bimetric,arxiv:bimetric_recent;inspire:citing_1308.1647;inspire:citing_1404.0008;inspire:citing_1407.4331;inspire:citing_1410.0207;inspire:citing_1503.07436,10.1103/PhysRevD.94.044022,"We study higher-dimensional scenarios of massive bigravity, which is a very interesting extension of nonlinear massive gravity since its reference metric is assumed to be fully dynamical. In particular, the Einstein field equations along with the following constraint equations for both physical and reference metrics of a five-dimensional massive bigravity will be addressed. Then, we study some wel"
1604.07306,2016-04-25,20,Cosmology in massive gravity with effective composite metric,"Heisenberg, Lavinia; Refregier, Alexandre","gradient,ghost",inspire:citing_1206.3852;inspire:ft_higuchi_varying,10.1088/1475-7516/2016/09/020,"This paper is dedicated to scrutinizing the cosmology in massive gravity. A matter field of the dark sector is coupled to an effective composite metric while a standard matter field couples to the dynamical metric in the usual way. For this purpose, we study the dynamical system of cosmological solutions by using phase analysis, which provides an overview of the class of cosmological solutions in "
1604.06704,2016-04-22,121,Massive gravitons as dark matter and gravitational waves,"Aoki, Katsuki; Mukohyama, Shinji",bimetric,inspire:citing_1404.0008,10.1103/PhysRevD.94.024001,We consider the possibility that the massive graviton is a viable candidate for dark matter in the context of bimetric gravity. We first derive the energy-momentum tensor of the massive graviton and show that it indeed behaves as that of dark matter fluid. We then discuss a production mechanism and the present abundance of massive gravitons as dark matter. Since the metric to which ordinary matter
1604.04285,2016-04-14,8,Cosmology with three interacting spin-2 fields,"Lüben, Marvin; Akrami, Yashar; Amendola, Luca; Solomon, Adam R.",ghost,inspire:citing_1206.3852;inspire:citing_1308.1647;inspire:citing_1404.0008;inspire:citing_1407.4331;inspire:citing_1410.0207;inspire:citing_1503.07436,10.1103/PhysRevD.94.043530,"Theories of massive gravity with one or two dynamical metrics generically lack stable and observationally viable cosmological solutions that are distinguishable from Λ cold dark matter (CDM). We consider an extension to trimetric gravity, with three interacting spin-2 fields which are not plagued by the Boulware-Deser ghost. We systematically explore every combination with two free parameters in s"
1604.03487,2016-04-12,63,"Gravity at the horizon: on relativistic effects, CMB-LSS correlations and ultra-large scales in Horndeski's theory","Renk, Janina; Zumalacarregui, Miguel; Montanari, Francesco",scalar-coupled,inspire:citing_1503.07436,10.1088/1475-7516/2016/07/040,"We address the impact of consistent modifications of gravity on the largest observable scales, focusing on relativistic effects in galaxy number counts and the cross-correlation between the matter large scale structure (LSS) distribution and the cosmic microwave background (CMB). Our analysis applies to a very broad class of general scalar-tensor theories encoded in the Horndeski Lagrangian and is"
1604.01099,2016-04-04,9,A new Estimator of the Deceleration Parameter From Galaxy Rotation Curves,"van Putten, Maurice H.P.M.",,inspire:ft_genhiguchi,10.3847/0004-637X/824/1/43,"The nature of dark energy can be probed by the derivative $Q={{dq}(z)/{dz}| }_{0}$ at redshift z = 0 of the deceleration parameter q(z). It is probably static if $Q\lt 1$ or dynamic if $Q\gt 2.5$, supporting ΛCDM or ${\rm{\Lambda }}=(1-q){H}^{2}$, respectively, where H denotes the Hubble parameter. We derive $q=1-{(4\pi {a}_{0}/{cH})}^{2}$, enabling a determination of q(z) by measuring Milgrom’s p"
1603.05836,2016-03-18,5,BB mode angular power spectrum of CMB from massive gravity,"Malsawmtluangi, N.; Suresh, P.K.",,inspire:citing_1206.3852,10.1007/s10509-021-04017-2,The BB-mode correlation angular power spectrum of the cosmic microwave background is studied for primordial massive gravitational waves for several inflation models. The comparative study of the angular power spectrum with the joint BICEP2/Keck Array and Planck data suggests further constraint on the lower and upper bounds on the mass of primordial gravitons. Assuming a modified dispersion relatio
1603.02165,2016-03-07,7,New Quasidilaton theory in Partially Constrained Vielbein Formalism,"De Felice, Antonio; Gümrükçüoğlu, A.Emir; Heisenberg, Lavinia; Mukohyama, Shinji","varying,ghost",inspire:citing_1206.3852;inspire:ft_higuchi_varying,10.1088/1475-7516/2016/05/061,"In this work we study the partially constrained vielbein formulation of the new quasidilaton theory of massive gravity, where the quasidilaton field couples to both physical and fiducial metrics simultaneously via a composite effective metric and Lorentz violation is introduced by a constraint on the vielbein. This formalism improves the new quasidilaton model since the Boulware-Deser ghost is rem"
1602.07520,2016-02-24,6,Nonlinear interactions for massive spin-2 fields,"Schmidt-May, Angnis","bimetric,ghost",arxiv:bimetric_recent;inspire:citing_1404.0008;inspire:citing_1407.4331;inspire:citing_1503.07436,10.22323/1.263.0157,"We give a basic introduction to ghost-free nonlinear theories involving massive spin-2 fields, focussing on bimetric theory. After motivating the construction of such models from field theoretical considerations, we review the linear theories for massive and massless spin-2 fluctuations propagating on maximally symmetric backgrounds. The structure of general nonlinear spin-2 interactions is explai"
1602.05672,2016-02-17,41,Higher dimensional nonlinear massive gravity,"Do, Tuan Q.",ghost,inspire:ft_higuchi_varying,10.1103/PhysRevD.93.104003,"Inspired by a recent ghost-free nonlinear massive gravity in four-dimensional spacetime, we study its higher dimensional scenarios. As a result, we are able to show the constantlike behavior of massive graviton terms for some well-known metrics such as the Friedmann-Lemaitre-Robertson-Walker, Bianchi type I, and Schwarzschild-Tangherlini (anti-) de Sitter metrics in a specific five-dimensional non"
1602.03558,2016-02-10,73,Non-local gravity and comparison with observational datasets. II. Updated results and Bayesian model comparison with $\Lambda$CDM,"Dirian, Yves; Foffa, Stefano; Kunz, Martin; Maggiore, Michele",,inspire:citing_1308.1647;inspire:citing_1404.0008;inspire:citing_1407.4331;inspire:citing_1410.0207;inspire:citing_1503.07436,10.1088/1475-7516/2016/05/068,"We present a comprehensive and updated comparison with cosmological observations of two non-local modifications of gravity previously introduced by our group, the so called RR and RT models. We implement the background evolution and the cosmological perturbations of the models in a modified Boltzmann code, using CLASS. We then test the non-local models against the Planck 2015 TT, TE, EE and Cosmic"
1602.03132,2016-02-09,1,Note on Covariant Stückelberg Formalism and Absence of Boulware-Deser Ghost in Bi-gravity,"Noumi, Toshifumi; Yamaguchi, Masahide; Yoshida, Daisuke","bimetric,ghost",inspire:citing_1308.1647,,"The covariant St\""{u}ckelberg formalism is applied to bi-gravity in order to revisit the issue of absence of the Boulware-Deser (BD) ghost. We first confirm that the leading order action in the decoupling limit for helicity-2 modes of metrics and helicity-0 mode of St\""{u}ckelberg perturbations does not lead to higher time derivative in equations of motion, which suggests the absence of the BD gho"
1602.02227,2016-02-06,21,Relativistic stars in bigravity theory,"Aoki, Katsuki; Maeda, Kei-ichi; Tanabe, Makoto","bimetric,ghost",inspire:citing_1404.0008;inspire:citing_1407.4331,10.1103/PhysRevD.93.064054,"Assuming static and spherically symmetric spacetimes in the ghost-free bigravity theory, we find a relativistic star solution, which is very close to that in general relativity. The coupling constants are classified into two classes: Class [I] and Class [II]. Although the Vainshtein screening mechanism is found in the weak gravitational field for both classes, we find that there is no regular solu"
1602.01078,2016-02-02,29,Conformal symmetry and nonlinear extensions of nonlocal gravity,"Cusin, Giulia; Foffa, Stefano; Maggiore, Michele; Mancarella, Michele",scalar-coupled,inspire:citing_1404.0008;inspire:citing_1407.4331;inspire:citing_1410.0207;inspire:citing_1503.07436,10.1103/PhysRevD.93.083008,"We study two nonlinear extensions of the nonlocal R□-2R gravity theory. We extend this theory in two different ways suggested by conformal symmetry, either replacing □-2 with (-□+R/6)-2, which is the operator that enters the action for a conformally-coupled scalar field, or replacing □-2 with the inverse of the Paneitz operator, which is a four-derivative operator that enters in the effective acti"
1601.02180,2016-01-10,,Derivative couplings in massive bigravity,Xian Gao; Lavinia Heisenberg,"bimetric,scalar-coupled,ghost",arxiv:bimetric_recent,,"In this work we study the cosmological perturbations in massive bigravity in the presence of non-minimal derivative couplings. For this purpose we consider a specific subclass of Horndeski scalar-tensor interactions that live on the unique composite effective metric. For the viability of the model both metrics have to be dynamical. Nevertheless, the number of allowed kinetic terms is crucial. We a"
1701.02873,2016,15,Cosmology of Massive Gravity and its Extensions,"Hinterbichler, Kurt",,inspire:citing_1206.3852;inspire:citing_1404.0008;inspire:citing_1407.4331;inspire:citing_1503.07436,,"We review the status of the theory of dRGT massive gravity, and some of its extensions, as applied to cosmology and the cosmological constant problem."
,2016,0,Cosmological perturbations in massive gravity and bigravity,"Guarato, Pietro","bimetric,ghost",inspire:citing_1206.3852;inspire:citing_1308.1647;inspire:citing_1404.0008;inspire:citing_1407.4331;inspire:citing_1410.0207;inspire:citing_1503.07436;inspire:ft_genhiguchi;inspire:ft_higuchi_varying,10.13097/archive-ouverte/unige:96834,"This Thesis focus on two recent Lorentz-invariant theories which modify General Relativity by the introduction of an additional spin-2 field interacting with the space-time metric, the massive gravity theory and the bigravity (or bimetric gravity) theory. The main scopes of this Thesis are: first, to derive the full expression of the quadratic mass term for general perturbations at the level of th"
1512.05356,2015-12-16,663,"Beyond $\Lambda$CDM: Problems, solutions, and the road ahead","Bull, Philip; Akrami, Yashar; Adamek, Julian; Baker, Tessa",,inspire:citing_1308.1647;inspire:citing_1407.4331;inspire:citing_1410.0207;inspire:citing_1503.07436,10.1016/j.dark.2016.02.001,"Despite its continued observational successes, there is a persistent (and growing) interest in extending cosmology beyond the standard model, ΛCDM . This is motivated by a range of apparently serious theoretical issues, involving such questions as the cosmological constant problem, the particle nature of dark matter, the validity of general relativity on large scales, the existence of anomalies in"
1512.04008,2015-12-13,77,Phenomenology in minimal theory of massive gravity,"De Felice, Antonio; Mukohyama, Shinji",,inspire:citing_1206.3852;inspire:citing_1404.0008;inspire:ft_higuchi_varying,10.1088/1475-7516/2016/04/028,"We investigate the minimal theory of massive gravity (MTMG) recently introduced. After reviewing the original construction based on its Hamiltonian in the vielbein formalism, we reformulate it in terms of its Lagrangian in both the vielbein and the metric formalisms. It then becomes obvious that, unlike previous attempts in the literature of Lorentz-violating massive gravity, not only the potentia"
1512.03620,2015-12-11,44,Linear spin-2 fields in most general backgrounds,"Bernard, Laura; Deffayet, Cedric; Schmidt-May, Angnis; von Strauss, Mikael","bimetric,ghost",inspire:citing_1308.1647;inspire:citing_1404.0008,10.1103/PhysRevD.93.084020,We derive the full perturbative equations of motion for the most general background solutions in ghost-free bimetric theory in its metric formulation. Clever field redefinitions at the level of fluctuations enable us to circumvent the problem of varying a square-root matrix appearing in the theory. This greatly simplifies the expressions for the linear variation of the bimetric interaction terms. 
1512.03333,2015-12-10,,Classical and quantum cosmology of minimal massive bigravity,F. Darabi; M. Mousavi,bimetric,arxiv:bimetric_recent,,In a Friedmann-Robertson-Walker (FRW) space-time background we study the classical cosmological models in the context of recently proposed theory of nonlinear minimal massive bigravity. We show that in the presence of perfect fluid the classical field equations acquire contribution from the massive graviton as a cosmological term which is positive or negative depending on the dynamical competition
1512.02131,2015-12-07,32,A general mass term for bigravity,"Cusin, Giulia; Durrer, Ruth; Guarato, Pietro; Motta, Mariele",bimetric,arxiv:bimetric_recent;arxiv:idlist_status;inspire:citing_1308.1647;inspire:citing_1404.0008;inspire:citing_1410.0207;inspire:citing_1503.07436,10.1088/1475-7516/2016/04/051,"We introduce a new formalism to study perturbations of Hassan-Rosen bigravity theory, around general backgrounds for the two dynamical metrics. In particular, we derive the general expression for the mass term of the perturbations and we explicitly compute it for cosmological settings. We study tensor perturbations in a specific branch of bigravity using this formalism. We show that the tensor sec"
1512.00021,2015-11-30,248,Recent developments in bimetric theory,"Schmidt-May, Angnis; von Strauss, Mikael","bimetric,ghost",arxiv:bimetric_recent;inspire:citing_1206.3852;inspire:citing_1308.1647;inspire:citing_1404.0008;inspire:citing_1407.4331;inspire:citing_1410.0207;inspire:citing_1503.07436;inspire:ft_higuchi_varying,10.1088/1751-8113/49/18/183001,"This review is dedicated to recent progress in the field of classical, interacting, massive spin-2 theories, with a focus on ghost-free bimetric theory. We will outline its history and its development as a nontrivial extension and generalisation of nonlinear massive gravity. We present a detailed discussion of the consistency proofs of both theories, before we review Einstein solutions to the bime"
,2015-11-21,0,"General Properties of Landscapes: Vacuum Structure, Dynamics and Statistics","Zukowski, Claire Elizabeth",,inspire:citing_1308.1647,,"Even the simplest extra-dimensional theory, when compactified, can lead to a vast and complex landscape. To make progress, it is useful to focus on generic features of landscapes and compactifications. In this work we will explore universal features and consequences of (i) vacuum structure, (ii) dynamics resulting from symmetry breaking, and (iii) statistical predictions for low-energy parameters "
1511.06776,2015-11-20,,Singular Accelerated Evolution in Massive $F(R)$ Bigravity,S. Nojiri; S. D. Odintsov; V. K. Oikonomou,bimetric,arxiv:bimetric_recent,,"The possibility to have singular accelerated evolution in the context of $F(R)$ bimetric gravity is investigated. Particularly, we study two singular models of cosmological evolution, one of which is a singular modified version of the Starobinsky $R^2$ inflation model. As we demonstrate, for both models in some cases, the slow-roll parameters become singular at the Type IV singularity, a fact that"
1511.02877,2015-11-09,15,Strong-coupling scales and the graph structure of multi-gravity theories,"Scargill, James H. C.; Noller, Johannes",,inspire:citing_1308.1647,10.1007/JHEP01(2016)029,"In this paper we consider how the strong-coupling scale, or perturbative cutoff, in a multi-gravity theory depends upon the presence and structure of interactions between the different fields. This can elegantly be rephrased in terms of the size and structure of the ‘theory graph’ which depicts the interactions in a given theory. We show that the question can be answered in terms of the properties"
1511.02164,2015-11-05,11,Mass-Varying Massive Gravity with k-essence,"Tannukij, Lunchakorn; Wongjun, Pitayuth",varying,inspire:citing_1206.3852,10.1140/epjc/s10052-015-3872-0,"For a large class of mass-varying massive-gravity models, the graviton mass cannot provide the late-time cosmic expansion of the universe due to its vanishing at late time. In this work, we propose a new class of mass-varying massive gravity models, in which the graviton mass varies according to a kinetic term of a k-essence field. By using a more general form of the fiducial metric, we found a so"
1511.01485,2015-11-04,27,Generalised matter couplings in massive bigravity,"Melville, Scott; Noller, Johannes","higuchi,bimetric",arxiv:bimetric_higuchi;arxiv:bimetric_recent;arxiv:higuchi_all;arxiv:idlist_2;arxiv:idlist_status;inspire:citing_1206.3852;inspire:citing_1308.1647,10.1007/JHEP01(2016)094,"We investigate matter couplings in massive bigravity. We find a new family of such consistent couplings, including and extending known consistent matter couplings, and we investigate their decoupling limits, ADM decompositions, Higuchi bounds and further aspects. We show that differences to previous known consistent couplings only arise beyond the Λ$_{3}$ decoupling limit and discuss the uniquenes"
1511.01108,2015-11-03,,Rotating (A)dS black holes in bigravity,Eloy Ayón-Beato; Daniel Higuita-Borja; Julio A. Méndez-Zavaleta,"bimetric,ghost",arxiv:bimetric_recent,,In this paper we explore the advantage of using the Kerr-Schild Ansatz in the search of analytic configurations to bigravity. It turns out that it plays a crucial role by providing means to straightforwardly calculate the square root matrix encoding the interaction terms between both gravities. We rederive in this spirit the Babichev-Fabbri family of asymptotically flat rotating black holes with t
1510.07551,2015-10-26,2,Bigravity from gradient expansion,"Yamashita, Yasuho; Tanaka, Takahiro","bimetric,scalar-coupled,ghost",arxiv:bimetric_scalar;inspire:citing_1308.1647;inspire:citing_1404.0008;inspire:citing_1407.4331;inspire:citing_1503.07436,10.1088/1475-7516/2016/05/011,"We discuss how the ghost-free bigravity coupled with a single scalar field can be derived from a braneworld setup. We consider DGP two-brane model without radion stabilization. The bulk configuration is solved for given boundary metrics, and it is substituted back into the action to obtain the effective four-dimensional action. In order to obtain the ghost-free bigravity, we consider the gradient "
1510.06759,2015-10-22,3,"The Effective Strength of Gravity, the Scale of Inflation (and how KK gravitons evade the Higuchi Bound)","Antoniadis, Ignatios; Patil, Subodh P.",higuchi,inspire:ft_genhiguchi,,"For any given momentum transfer, gravitational interactions have a strength set by a characteristic scale $M_*$ inferred from amplitudes calculated in an effective theory with a strong coupling scale $M_{**}$. These are in general different from each other and $M_{\rm pl}$, the macroscopic strength of gravity as determined by (laboratory scale) Cavendish experiments. During single field inflation,"
1509.05978,2015-09-20,15,Matter coupling in partially constrained vielbein formulation of massive gravity,"De Felice, Antonio; Gümrükçüoğlu, A. Emir; Heisenberg, Lavinia; Mukohyama, Shinji","gradient,ghost",inspire:citing_1206.3852;inspire:ft_higuchi_varying,10.1088/1475-7516/2016/01/003,We consider a consistent linear effective vielbein matter coupling without introducing the Boulware-Deser ghost in ghost-free massive gravity. This is achieved in the partially constrained vielbein formulation. We first introduce the formalism and prove the absence of ghost at all scales. As next we investigate the cosmological application of this coupling in this new formulation. We show that eve
1509.02096,2015-09-07,19,Perturbations of Cosmological and Black Hole Solutions in Massive gravity and Bi-gravity,"Kobayashi, Tsutomu; Siino, Masaru; Yamaguchi, Masahide; Yoshida, Daisuke",bimetric,inspire:citing_1206.3852;inspire:citing_1404.0008;inspire:citing_1407.4331;inspire:citing_1410.0207,10.1093/ptep/ptw145,"We investigate perturbations of a class of spherically symmetric solutions in massive gravity and bi-gravity. The background equations of motion for the particular class of solutions we are interested in reduce to a set of the Einstein equations with a cosmological constant. Thus, the solutions in this class include all the spherically symmetric solutions in general relativity, such as the Friedma"
1508.05864,2015-08-21,31,New massive bigravity cosmologies with double matter coupling,"Lagos, Macarena; Noller, Johannes","bimetric,ghost",arxiv:bimetric_recent;inspire:citing_1308.1647;inspire:citing_1404.0008;inspire:citing_1407.4331;inspire:citing_1410.0207;inspire:citing_1503.07436,10.1088/1475-7516/2016/01/023,"We study a previously largely unexplored branch of homogeneous and isotropic background solutions in ghost-free massive bigravity with consistent double matter coupling. For a certain family of parameters we find `self-inflated' FLRW cosmologies, i.e. solutions with an accelerated early-time period during the radiation-dominated era. In addition, these solutions also display an accelerated late-ti"
1508.03246,2015-08-13,10,Novel nonlinear kinetic terms for gravitons,"Li, Wenliang","bimetric,ghost",inspire:citing_1308.1647,10.1103/PhysRevD.94.064078,"A set of novel derivative terms for spin-2 fields are proposed. They are the wedge products of curvature two-forms and vielbeins. In this work, we investigate the properties of novel two-derivative terms in the context of bigravity. Based on a minisuperspace analysis, we identify a large class of bigravity models where the Boulware-Deser ghost could be absent. We give a new perspective that Weyl g"
1507.06922,2015-07-24,26,Vector and tensor contributions to the curvature perturbation at second order,"Carrilho, Pedro; Malik, Karim A.",,inspire:citing_1404.0008,10.1088/1475-7516/2016/02/021,"We derive the evolution equation for the second order curvature perturbation using standard techniques of cosmological perturbation theory. We do this for different definitions of the gauge invariant curvature perturbation, arising from different splits of the spatial metric, and compare the expressions. The results are valid at all scales and include all contributions from scalar, vector and tens"
1507.06540,2015-07-23,28,Extended Weyl Invariance in a Bimetric Model and Partial Masslessness,"Hassan, S.F.; Schmidt-May, Angnis; von Strauss, Mikael","bimetric,ghost",inspire:ft_higuchi_varying,10.1088/0264-9381/33/1/015011,"We revisit a particular ghost-free bimetric model which is related to both partial masslessness (PM) and conformal gravity. Linearly, the model propagates six instead of seven degrees of freedom not only around de Sitter but also around flat spacetime. Nonlinearly, the equations of motion can be recast in the form of expansions in powers of curvatures, and exhibit a remarkable amount of structure."
1507.02802,2015-07-10,,Bimetric gravity and dark matter,Laura Bernard; Luc Blanchet; Lavinia Heisenberg,"bimetric,ghost",arxiv:bimetric_recent,,"We review some recent proposals for relativistic models of dark matter in the context of bimetric gravity. The aim is to solve the problems of cold dark matter (CDM) at galactic scales, and to reproduce the phenomenology of the modified Newtonian dynamics (MOND), while still being in agreement with the standard cosmological model $Λ$-CDM at large scales. In this context a promising alternative is "
1507.00912,2015-07-03,52,"On stars, galaxies and black holes in massive bigravity","Enander, Jonas; Mortsell, Edvard",bimetric,inspire:citing_1308.1647;inspire:citing_1404.0008;inspire:citing_1407.4331;inspire:citing_1410.0207;inspire:citing_1503.07436,10.1088/1475-7516/2015/11/023,"In this paper we study the phenomenology of stars and galaxies in massive bigravity. We give parameter conditions for the existence of viable star solutions when the radius of the star is much smaller than the Compton wavelength of the graviton. If these parameter conditions are not met, we constrain the ratio between the coupling constants of the two metrics, in order to give viable conditions fo"
1506.09143,2015-06-30,,Bayesian evidence and predictivity of the inflationary paradigm,Giulia Gubitosi; Macarena Lagos; Joao Magueijo; Rupert Allison,bimetric,arxiv:bimetric_recent,,"In this paper we consider the issue of paradigm evaluation by applying Bayes' theorem along the following nested hierarchy of progressively more complex structures: i) parameter estimation (within a model), ii) model selection and comparison (within a paradigm), iii) paradigm evaluation. In such a hierarchy the Bayesian evidence works both as the posterior's normalization at a given level and as t"
1506.07262,2015-06-24,46,Phase transition of charged black holes in massive gravity through new methods,"Hendi, S.H.; Panahiyan, S.; Eslam Panah, B.; Momennia, M.",,inspire:citing_1308.1647,10.1002/andp.201600180,"Motivated by providing preliminary steps to understand the conception of quantum gravity, in this paper, we study the phase structure of a semiclassical gravitational system. We investigate the stability conditions and phase transition of charged black holes in massive gravity via canonical ensemble and geometrical thermodynamic approaches. We point out the effects of massive parameter on stabilit"
1506.04977,2015-06-16,41,Scalar instabilities in bimetric gravity: The Vainshtein mechanism and structure formation,"Mortsell, E.; Enander, J.",bimetric,arxiv:idlist_status;inspire:citing_1308.1647;inspire:citing_1404.0008;inspire:citing_1407.4331;inspire:citing_1410.0207;inspire:citing_1503.07436;inspire:t_bimetric_scalar,10.1088/1475-7516/2015/10/044,"We investigate the observational consequences of scalar instabilities in bimetric theory, under the assumption that the Vainshtein mechanism restores general relativity within a certain distance from gravitational sources. We argue that early time instabilities have a negligible impact on observed structures. Assuming that the instabilities affect sub-horizon density fluctuations, we constrain the"
1506.04543,2015-06-15,42,Stability of the Early Universe in Bigravity Theory,"Aoki, Katsuki; Maeda, Kei-ichi; Namba, Ryo","higuchi,gradient,bimetric,ghost",arxiv:bimetric_gradient;arxiv:bimetric_higuchi;arxiv:bimetric_recent;arxiv:higuchi_all;arxiv:idlist_status;arxiv:mg_higuchi_cosmo;inspire:citing_1404.0008;inspire:citing_1407.4331,10.1103/PhysRevD.92.044054,"We study the stability of a spherically symmetric perturbation around the flat Friedmann–Lemaître–Robertson–Walker spacetime in the ghost-free bigravity theory, retaining nonlinearities of the helicity-0 mode of the massive graviton. It has been known that, when the graviton mass is smaller than the Hubble parameter, homogeneous and isotropic spacetimes suffer from the Higuchi-type ghost or the gr"
1506.03446,2015-06-10,8,On extended symmetries for the Galileon,"Noller, Johannes; Sivanesan, Vishagan; von Strauss, Mikael",,inspire:citing_1308.1647,10.1103/PhysRevD.92.064009,"We investigate a large class of infinitesimal, but fully nonlinear in the field, transformations of the Galileon and search for extended symmetries. The transformations involve powers of the coordinates x and the field π up to any finite order N. Up to quadratic order the structure of these symmetry transformations is the unique generalization of both the infinitesimal version of the standard Gali"
1506.03225,2015-06-10,,Vacuum Persistence in Fierz-Pauli Theory on a Curved Background,Sungmin Hwang; Dennis Schimmel,higuchi,arxiv:higuchi_all;arxiv:mg_higuchi_cosmo,,"By explicitly constructing the Hilbert space, Higuchi showed that there is a lower bound on the mass of a minimally-coupled free spin-2 field on a curved background \cite{HiguchiBound}. Using the vacuum persistence amplitude, we show that this bound is modified by taking into account additional terms not prohibited by symmetry in the case of a maximally symmetric spacetime. This result can further"
1506.03047,2015-06-09,79,Phenomenology of dark energy: general features of large-scale perturbations,"Perenon, Louis; Piazza, Federico; Marinoni, Christian; Hui, Lam",scalar-coupled,inspire:citing_1308.1647,10.1088/1475-7516/2015/11/029,"We present a systematic exploration of dark energy and modified gravity models containing a single scalar field non-minimally coupled to the metric. Even though the parameter space is large, by exploiting an effective field theory (EFT) formulation and by imposing simple physical constraints such as stability conditions and (sub-)luminal propagation of perturbations, we arrive at a number of gener"
1506.01907,2015-06-01,76,The cosmic microwave background: the history of its experimental investigation and its significance for cosmology,"Durrer, Ruth",,inspire:citing_1308.1647,10.1088/0264-9381/32/12/124007,"This review describes the discovery of the cosmic microwave background (CMB) radiation in 1965 and its impact on cosmology in the 50 years that followed. This discovery established the big bang model of the Universe, and the analysis of its fluctuations has confirmed the idea of inflation and led to the present era of precision cosmology. I discuss the evolution of cosmological perturbations and t"
1506.00666,2015-06-01,32,Cutoff for Extensions of Massive Gravity and Bi-Gravity,"Matas, Andrew","bimetric,ghost",inspire:citing_1404.0008;inspire:citing_1407.4331;inspire:citing_1410.0207,10.1088/0264-9381/33/7/075004,"Recently there has been interest in extending ghost-free massive gravity, bi-gravity, and multi-gravity by including non-standard kinetic terms and matter couplings. We first review recent proposals for this class of extensions, emphasizing how modifications of the kinetic and potential structure of the graviton and modifications of the coupling to matter are related. We then generalize existing n"
1505.05146,2015-05-19,44,Dipolar Dark Matter with Massive Bigravity,"Blanchet, Luc; Heisenberg, Lavinia","bimetric,ghost",arxiv:bimetric_recent;inspire:citing_1206.3852;inspire:citing_1404.0008;inspire:citing_1503.07436;inspire:ft_higuchi_varying,10.1088/1475-7516/2015/12/026,"Massive gravity theories have been developed as viable IR modifications of gravity motivated by dark energy and the problem of the cosmological constant. On the other hand, modified gravity and modified dark matter theories were developed with the aim of solving the problems of standard cold dark matter at galactic scales. Here we propose to adapt the framework of ghost-free massive bigravity theo"
1505.02966,2015-05-12,,More on effective composite metrics,Lavinia Heisenberg,bimetric,arxiv:bimetric_recent,,"In this work we study different classes of effective composite metrics proposed in the context of one-loop quantum corrections in bimetric gravity. For this purpose we consider contributions of the matter loops in form of cosmological constants and potential terms yielding two types of effective composite metrics. This guarantees a nice behaviour at the quantum level. However, the theoretical cons"
1505.01450,2015-05-06,73,Vielbein to the rescue? Breaking the symmetric vielbein condition in massive gravity and multigravity,"de Rham, Claudia; Tolley, Andrew J.",ghost,inspire:citing_1308.1647,10.1103/PhysRevD.92.024024,Nonminimal matter couplings have recently been considered in the context of massive gravity and multigravity. These couplings are free of the Boulware-Deser ghost in the decoupling limit and can thus be considered within an effective field theory setup. Beyond the decoupling limit the ghost was shown to reemerge in the metric formulation of the theory. Recently it was argued that this pathology is
1505.01091,2015-05-05,31,Inflationary perturbations in bimetric gravity,"Cusin, Giulia; Durrer, Ruth; Guarato, Pietro; Motta, Mariele","bimetric,scalar-coupled",arxiv:bimetric_recent;inspire:citing_1206.3852;inspire:citing_1308.1647;inspire:citing_1404.0008;inspire:citing_1407.4331;inspire:citing_1410.0207;inspire:citing_1503.07436,10.1088/1475-7516/2015/09/043,In this paper we study the generation of primordial perturbations in a cosmological setting of bigravity during inflation. We consider a model of bigravity which can reproduce the ΛCDM background and large scale structure and a simple model of inflation with a single scalar field and a quadratic potential. Reheating is implemented with a toy-model in which the energy density of the inflaton is ent
1505.00840,2015-05-04,,Hamiltonian cosmology in bigravity and massive gravity,Vladimir O. Soloviev,"bimetric,ghost",arxiv:bimetric_recent,,"In the Hamiltonian language we provide a study of flat-space cosmology in bigravity and massive gravity constructed mostly with de Rham, Gabadadze, Tolley (dRGT) potential. It is demonstrated that the Hamiltonian methods are powerful not only in proving the absence of the Boulware-Deser ghost, but also in solving other problems. The purpose of this work is to give an introduction both to the Hamil"
1505.00404,2015-05-03,43,Mild bounds on bigravity from primordial gravitational waves,"Fasiello, Matteo; Ribeiro, Raquel H.",bimetric,arxiv:bimetric_recent;inspire:citing_1206.3852;inspire:citing_1308.1647;inspire:citing_1404.0008;inspire:citing_1407.4331;inspire:citing_1410.0207;inspire:ft_higuchi_varying,10.1088/1475-7516/2015/07/027,"If the amplitude of primordial gravitational waves is measured in the near-future, what could it tell us about bigravity? To address this question, we study massive bigravity theories by focusing on a region in parameter space which is safe from known instabilities. Similarly to investigations on late time constraints, we implicitly assume there is a successful implementation of the Vainshtein mec"
1505.00338,2015-05-02,2,Cosmology and stability in scalar tensor bigravity with non-minimal kinetic coupling gravity,"Darabi, F.; Mousavi, M.","bimetric,scalar-coupled",inspire:t_bimetric_scalar,10.1088/1475-7516/2015/08/009,"We generalize the scalar tensor bigravity models to the non-minimal kinetic coupling scalar tensor bigravity models with two scalar fields whose kinetic terms are non-minimally coupled to two Einstein tensors constructed by two metrics. We show that a broad class of expanding universes can be explained by some solutions of this model. Then, we study the stability issue of the solutions by means of"
1505.00743,2015-04-30,9,A Cosmological Study in Massive Gravity theory,"Pan, Supriya; Chakraborty, Subenoy",,inspire:citing_1206.3852,10.1016/j.aop.2015.04.003,"A detailed study of the various cosmological aspects in massive gravity theory has been presented in the present work. For the homogeneous and isotropic FLRW model, the deceleration parameter has been evaluated, and, it has been examined whether there is any transition from deceleration to acceleration in recent past, or not. With the proper choice of the free parameters, it has been shown that th"
1504.04969,2015-04-20,10,Primordial Gravitational Waves in Bimetric Gravity,"Sakakihara, Yuki; Soda, Jiro",bimetric,inspire:citing_1206.3852;inspire:citing_1404.0008;inspire:citing_1407.4331;inspire:citing_1410.0207,10.1088/1475-7516/2015/09/015,"We study primordial tensor power-spectra generated during inflation in bimetric gravity. More precisely, we examine a homogeneous expanding spacetime in a minimal bimetric model with an inflaton and calculate tensor perturbations on the homogeneous background under slow-roll approximation. In terms of the mass eigenstates, only the power-spectrum of the massless state remains constant and both the"
1504.04623,2015-04-17,856,Cosmological Tests of Modified Gravity,"Koyama, Kazuya",bimetric,arxiv:bimetric_recent;inspire:citing_1407.4331;inspire:citing_1410.0207,10.1088/0034-4885/79/4/046902,"We review recent progress in the construction of modified gravity models as alternatives to dark energy as well as the development of cosmological tests of gravity. Einstein’s theory of general relativity (GR) has been tested accurately within the local universe i.e. the Solar System, but this leaves the possibility open that it is not a good description of gravity at the largest scales in the Uni"
1504.04382,2015-04-16,52,"Massive graviton on arbitrary background: derivation, syzygies, applications","Bernard, Laura; Deffayet, Cedric; von Strauss, Mikael",ghost,inspire:citing_1308.1647,10.1088/1475-7516/2015/06/038,"We give the detailed derivation of the fully covariant form of the quadratic action and the derived linear equations of motion for a massive graviton in an arbitrary background metric (which were presented in arXiv:1410.8302 [hep-th]). Our starting point is the de Rham-Gabadadze-Tolley (dRGT) family of ghost free massive gravities and using a simple model of this family, we are able to express thi"
1504.04050,2015-04-15,19,Aspects of Infrared Non-local Modifications of General Relativity,"Mitsou, Ermis",,inspire:citing_1410.0207,10.1007/978-3-319-31729-8,"Le sujet de recherche abordé dans cette thèse concerne le problème de l'énergie sombre en cosmologie, cette forme d'énergie encore non-identifiée qui domine actuellement la dynamique de notre univers. Nous considérons l'éventualité que ce soit une modification non-locale de la théorie de la Relativité Générale qui soit à l'origine de cet effet. Inspirés par la théorie de gravité massive, nous cons"
1504.00870,2015-04-03,,Dark Matter via Massive (bi-)Gravity,Luc Blanchet; Lavinia Heisenberg,"bimetric,ghost",arxiv:bimetric_recent,,"In this work we investigate the existence of relativistic models for dark matter in the context of bimetric gravity, used here to reproduce the modified Newtonian dynamics (MOND) at galactic scales. For this purpose we consider two different species of dark matter particles that separately couple to the two metrics of bigravity. These two sectors are linked together \textit{via} an internal $U(1)$"
1508.06859,2015-04,22,Cosmology Beyond Einstein,"Solomon, Adam Ross",bimetric,arxiv:bimetric_recent;arxiv:bimetric_scalar;inspire:citing_1206.3852;inspire:citing_1308.1647;inspire:citing_1404.0008;inspire:citing_1407.4331;inspire:citing_1410.0207,10.1007/978-3-319-46621-7,"This thesis investigates the theoretical and cosmological implications of modifying Einstein's theory of general relativity. It explores two classes of modifications to gravity: those in which the graviton is given a small mass, and those in which Lorentz invariance is spontaneously broken. It elucidates the nature of cosmological perturbations in theories of massive bimetric gravity, including a "
1503.07436,2015-03-25,65,Higuchi Ghosts and Gradient Instabilities in Bimetric Gravity,"Könnig, Frank","higuchi,gradient,bimetric,ghost",arxiv:bimetric_gradient;arxiv:bimetric_higuchi;arxiv:bimetric_recent;arxiv:higuchi_all;arxiv:mg_higuchi_cosmo;inspire:abs_higuchi_bimetric;inspire:citing_1206.3852;inspire:citing_1308.1647;inspire:citing_1404.0008;inspire:citing_1407.4331;inspire:citing_1410.0207;inspire:ft_genhiguchi,10.1103/PhysRevD.91.104019,"Bimetric gravity theories allow for many different types of cosmological solutions, but not all of them are theoretically allowed. In this work we discuss the conditions to satisfy the Higuchi bound and to avoid gradient instabilities in the scalar sector at the linear level. We find that in expanding universes the ratio of the scale factors of the reference and observable metric has to increase a"
1503.07521,2015-03-25,180,Bimetric gravity is cosmologically viable,"Akrami, Yashar; Hassan, S.F.; Könnig, Frank; Schmidt-May, Angnis",bimetric,arxiv:bimetric_recent;arxiv:idlist_status;inspire:citing_1206.3852;inspire:citing_1308.1647;inspire:citing_1404.0008;inspire:citing_1407.4331;inspire:citing_1410.0207;inspire:citing_1503.07436,10.1016/j.physletb.2015.06.062,"Bimetric theory describes gravitational interactions in the presence of an extra spin-2 field. Previous work has suggested that its cosmological solutions are generically plagued by instabilities. We show that by taking the Planck mass for the second metric, Mf , to be small, these instabilities can be pushed back to unobservably early times. In this limit, the theory approaches general relativity"
1503.07529,2015-03-25,107,Black holes in massive gravity,"Babichev, Eugeny; Brito, Richard","bimetric,ghost",inspire:citing_1308.1647,10.1088/0264-9381/32/15/154001,"We review the black hole (BH) solutions of the ghost-free massive gravity theory and its bimetric extension, and outline the main results on the stability of these solutions against small perturbations. Massive (bi)-gravity accommodates exact BH solutions, analogous to those of general relativity (GR). In addition to these solutions, hairy BHs—solutions with no correspondent in GR—have been found "
1503.05560,2015-03-18,31,Tensor Modes in Bigravity: Primordial to Present,"Johnson, Matthew; Terrana, Alexandra",bimetric,arxiv:bimetric_recent;inspire:citing_1407.4331;inspire:citing_1410.0207;inspire:ft_genhiguchi,10.1103/PhysRevD.92.044001,"Massive bigravity, a theoretically consistent modification of general relativity with an additional dynamical rank-two tensor, successfully describes the observed accelerated expansion of the Universe without a cosmological constant. Recent analyses of perturbations around a cosmological background have revealed power law instabilities in both scalar and tensor perturbations, motivating an analysi"
1702.05372,2015-03-13,4,A study of universal thermodynamics in massive gravity: modified entropy on the horizons,"Saha, Subhajit; Mitra, Saugata; Chakraborty, Subenoy",,inspire:citing_1206.3852,10.1007/s10714-015-1877-5,"Universal thermodynamics for FRW model of the Universe bounded by apparent/event horizon has been considered for massive gravity theory. Assuming Hawking temperature and using the unified first law of thermodynamics on the horizon, modified entropy on the horizon has been determined. For simple perfect fluid with constant equation of state, generalized second law of thermodynamics and thermodynami"
,2015-03-11,0,Observational constraints on modified gravity models,"Taddei, Laura",scalar-coupled,inspire:citing_1407.4331,,"In the first part of this Thesis, we study the gravitational clustering of spherically symmetric overdensities and the statistics of the resulting dark matter haloes in the symmetron model, in which a new long range force is mediated by a Z2 symmetric scalar field. Depending on the initial radius of the overdensity, we identify two distinct regimes: for small initial radii the symmetron mediated f"
1503.02811,2015-03-10,0,Cosmological Solution Moduli of Bigravity,"Yılmaz, Nejat Tevfik","bimetric,ghost",arxiv:bimetric_recent;inspire:citing_1308.1647;inspire:citing_1404.0008;inspire:citing_1407.4331,10.1088/1475-7516/2015/09/062,"We construct the complete set of metric-configuration solutions of the ghost-free massive bigravity for the scenario in which the g−metric is the Friedmann-Lemaitre-Robertson-Walker (FLRW) one, and the interaction Lagrangian between the two metrics contributes an effective ideal fluid energy-momentum tensor to the g-metric equations. This set corresponds to the exact background cosmological soluti"
1503.03042,2015-03-10,10,De Sitter vacua in ghost-free massive gravity theory,"Mazuet, Charles; Volkov, Mikhail S.",ghost,inspire:citing_1404.0008;inspire:citing_1407.4331,10.1016/j.physletb.2015.10.012,"We present a simple procedure to obtain a large class of different versions of the de Sitter solution in the ghost-free massive gravity theory via applying the Gordon ansatz. For these solutions the physical metric describes a hyperboloid in 5D Minkowski space, while the flat reference metric depends on the Stuckelberg field T(t,r) subject to (∂tT)2−(∂rT)2=1 . This equation admits infinitely many "
1503.02700,2015-03-09,28,"The decoupling limit of Multi-Gravity: Multi-Galileons, Dualities and More","Noller, Johannes; Scargill, James H. C.",scalar-coupled,inspire:citing_1308.1647,10.1007/JHEP05(2015)034,"In this paper we investigate the decoupling limit of a particular class of multi-gravity theories, i.e. of theories of interacting spin-2 fields. We explicitly compute the interactions of helicity-0 modes in this limit, showing that they take on the form of multi- Galileons and dual forms. In the process we extend the recently discovered Galileon dualities, deriving a set of new multi-Galileon dua"
1503.02490,2015-03-09,38,Surfing gravitational waves: can bigravity survive growing tensor modes?,"Amendola, Luca; Könnig, Frank; Martinelli, Matteo; Pettorino, Valeria",bimetric,arxiv:bimetric_recent;inspire:citing_1404.0008;inspire:citing_1407.4331;inspire:citing_1410.0207,10.1088/1475-7516/2015/05/052,"The theory of bigravity offers one of the simplest possibilities to describe a massive graviton while having self-accelerating cosmological solutions without a cosmological constant. However, it has been shown recently that bigravity is affected by early-time fast growing modes on the tensor sector. Here we argue that we can only trust the linear analysis up to when perturbations are in the linear"
1502.07691,2015-02-26,6,Covariant expansion of the gravitational Stückelberg trick,"Gao, Xian",,inspire:citing_1308.1647,10.1103/PhysRevD.91.094001,"A new approach to expanding the “Stückelbergized” fiducial metric in a covariant manner is developed. The idea is to consider the curved 4-dimensional space as a codimension-one hypersurface embedded in a 5-dimensional Minkowski bulk, in which the 5-dimensional Goldstone modes can be defined as usual. After solving one constraint among the five 5-dimensional Goldstone modes and projecting to the 4"
1502.08018,2015-02-24,12,Extended DBI massive gravity with generalized fiducial metric,"Chullaphan, Tossaporn; Tannukij, Lunchakorn; Wongjun, Pitayuth",ghost,inspire:citing_1206.3852;inspire:ft_higuchi_varying,10.1007/JHEP06(2015)038,"We consider an extended model of DBI massive gravity by generalizing the fiducial metric to be an induced metric on the brane corresponding to a domain wall moving in five-dimensional Schwarzschild-Anti-de Sitter spacetime. The model admits all solutions of FLRW metric including flat, closed and open geometries while the original one does not. The background solutions can be divided into two branc"
1502.06872,2015-02-24,146,Astrophysical Probes of the Vainshtein Mechanism: Stars and Galaxies,"Koyama, Kazuya; Sakstein, Jeremy",ghost,inspire:citing_1407.4331;inspire:citing_1410.0207,10.1103/PhysRevD.91.124066,Ghost-free theories beyond the Horndeski class exhibit a partial breaking of the Vainshtein mechanism inside nonrelativistic sources of finite extent. We exploit this breaking to identify new and novel astrophysical probes of these theories. Nonrelativistic objects feel a gravitational force that is weaker than that predicted by general relativity. The new equation of hydrostatic equilibrium is de
1502.05922,2015-02-20,22,How can we tell whether dark energy is composed of multiple fields?,"Vardanyan, Valeri; Amendola, Luca",scalar-coupled,inspire:citing_1407.4331,10.1103/PhysRevD.92.024009,Dark energy is often assumed to be composed of a single scalar field. The background cosmic expansion is not sufficient to determine whether this is true or not. We study multifield scalar-tensor models with a general dark matter source and write the observable modified gravity parameters (effective gravitational constant and anisotropic stress) in the form of a ratio of polynomials in the Fourier
1502.05706,2015-02-19,80,UV properties of Galileons: Spectral Densities,"Keltner, Luke; Tolley, Andrew J.",,inspire:citing_1206.3852;inspire:citing_1308.1647,,"We propose a picture for the UV properties of Galileon field theories. We conjecture that Galileons, and all theories incorporating the Vainshtein mechanism, fall into Jaffe's class of `non-localizable' field theories characterized by an exponential growth in their Kallen-Lehmann spectral densities. Similar properties have been argued to arise for Little String Theories and M-theory. For such theo"
1502.03988,2015-02-13,33,Consistent metric combinations in cosmology of massive bigravity,"Nersisyan, Henrik; Akrami, Yashar; Amendola, Luca",bimetric,arxiv:bimetric_recent;inspire:citing_1206.3852;inspire:citing_1308.1647;inspire:citing_1404.0008;inspire:citing_1407.4331;inspire:citing_1410.0207;inspire:citing_1503.07436;inspire:ft_higuchi_varying,10.1103/PhysRevD.92.104034,"Massive bigravity models are interesting alternatives to standard cosmology. In most cases, however, these models have been studied for a simplified scenario in which both metrics take homogeneous and isotropic forms [Friedmann-Lemaître-Robertson-Walker (FLRW)] with the same spatial curvatures. The interest to consider more general geometries arises, in particular, in view of the difficulty so far"
1502.00463,2015-02-02,1,Decoupling solution moduli of bigravity,"Yılmaz, Nejat Tevfik","bimetric,ghost",arxiv:bimetric_recent;inspire:citing_1404.0008;inspire:citing_1407.4331,10.1016/j.dark.2016.10.004,"A complete classification of exact solutions of ghost-free, massive bigravity is derived which enables the dynamical decoupling of the background, and the foreground metrics. The general decoupling solution space of the two metrics is constructed. Within this branch of the solution space the foreground metric theory becomes general relativity (GR) with an additional effective cosmological constant"
1501.07796,2015-01-30,19,Revisiting perturbations in extended quasidilaton massive gravity,"Heisenberg, Lavinia",varying,arxiv:idlist_2;inspire:citing_1206.3852;inspire:citing_1308.1647;inspire:ft_higuchi_varying,10.1088/1475-7516/2015/04/010,"In this work we study the theory of extended quasidilaton massive gravity together with the presence of matter fields. After discussing the homogeneous and isotropic fully dynamical background equations, which governs the exact expansion history of the universe, we consider small cosmological perturbations around these general FLRW solutions. The stability of tensor, vector and scalar perturbation"
1501.07600,2015-01-29,139,Hidden symmetry of the Galileon,"Hinterbichler, Kurt; Joyce, Austin",,inspire:citing_1308.1647,10.1103/PhysRevD.92.023503,"We show that there is a special choice of parameters for which the Galileon theory is invariant under an enhanced shift symmetry whose nonlinear part is quadratic in the coordinates. This symmetry fixes the theory to be equivalent to one with only even powers of the field, with no free coefficients, and accounts for the improved soft-limit behavior observed in the quartic Galileon S-matrix."
1501.07274,2015-01-28,1736,Testing General Relativity with Present and Future Astrophysical Observations,"Berti, Emanuele; Barausse, Enrico; Cardoso, Vitor; Gualtieri, Leonardo",,inspire:citing_1308.1647;inspire:citing_1404.0008;inspire:citing_1407.4331,10.1088/0264-9381/32/24/243001,"One century after its formulation, Einstein's general relativity (GR) has made remarkable predictions and turned out to be compatible with all experimental tests. Most of these tests probe the theory in the weak-field regime, and there are theoretical and experimental reasons to believe that GR should be modified when gravitational fields are strong and spacetime curvature is large. The best astro"
1501.02790,2015-01-12,64,Cosmology in bimetric theory with an effective composite coupling to matter,"Gumrukcuoglu, A. Emir; Heisenberg, Lavinia; Mukohyama, Shinji; Tanahashi, Norihiro","gradient,bimetric,ghost",arxiv:bimetric_gradient;arxiv:bimetric_recent;arxiv:idlist_status;inspire:citing_1206.3852;inspire:citing_1308.1647;inspire:citing_1404.0008;inspire:citing_1407.4331;inspire:citing_1410.0207;inspire:ft_higuchi_varying,10.1088/1475-7516/2015/04/008,"We study the cosmology of bimetric theory with a composite matter coupling. We find two possible branches of background evolution. We investigate the question of stability of cosmological perturbations. For the tensor and vector perturbations, we derive conditions on the absence of ghost and gradient instabilities. For the scalar modes, we obtain conditions for avoiding ghost degrees. In the first"
1501.02140,2015-01-09,45,Integrated Sachs-Wolfe effect in massive bigravity,"Enander, Jonas; Akrami, Yashar; Mörtsell, Edvard; Renneby, Malin","bimetric,ghost",arxiv:bimetric_recent;inspire:citing_1206.3852;inspire:citing_1308.1647;inspire:citing_1404.0008;inspire:citing_1407.4331;inspire:citing_1410.0207;inspire:citing_1503.07436;inspire:ft_higuchi_varying,10.1103/PhysRevD.91.084046,"We study the integrated Sachs-Wolfe (ISW) effect in ghost-free, massive bigravity. We focus on the infinite-branch bigravity (IBB) model which exhibits viable cosmic expansion histories and stable linear perturbations, while the cosmological constant is set to zero and the late-time accelerated expansion of the Universe is due solely to the gravitational interaction terms. The ISW contribution to "
1501.00864,2015-01-05,63,Cosmology of bigravity with doubly coupled matter,"Comelli, Denis; Crisostomi, Marco; Koyama, Kazuya; Pilo, Luigi","varying,bimetric",arxiv:bimetric_recent;arxiv:idlist_2;inspire:citing_1407.4331;inspire:citing_1410.0207,10.1088/1475-7516/2015/04/026,"We study cosmology in the bigravity formulation of the dRGT model where matter couples to both metrics. At linear order in perturbation theory two mass scales emerge: an hard one from the dRGT potential, and an environmental dependent one from the coupling of bigravity with matter. At early time, the dynamics is dictated by the second mass scale which is of order of the Hubble scale. The set of ga"
,2015-01,2,On the Cosmology of Massive Bigravity,"Crisostomi, M.; Comelli, D.; Pilo, L.",bimetric,inspire:citing_1404.0008;inspire:citing_1410.0207,10.1393/ncc/i2015-15030-5,
,2015,5,Cosmological Applications of Massive Gravity,"Tolley, Andrew J.","varying,bimetric",inspire:citing_1206.3852;inspire:citing_1308.1647,10.1007/978-3-319-10070-8_8,Models of modified gravity in the infrared are especially appealing for their late-time cosmology. We review different models before focusing on the cosmology of massive gravity. We start by information derived from its decoupling limit where a self-acceleration solution can be found but suffers from strong coupling issues in the vector modes. This feature is carried through for most FRW self-acce
,2015,1,Nonlinear Massive Gravity and Cosmology,"Mukohyama, Shinji",ghost,inspire:citing_1206.3852,10.1142/9789814623995_0026,"We review cosmological solutions and their stability in nonlinear massive gravity. After constructing homogeneous and isotropic solutions, we show that they suffer from ghost instability. We then find new attractor solutions, in which the physical metric is of FRW type but anisotropy in the fiducial metric leads to statistical anisotropy of perturbations."
,2015,0,Cosmic tests of massive gravity,"Enander, Jonas",,inspire:citing_1206.3852;inspire:citing_1308.1647;inspire:citing_1404.0008;inspire:citing_1407.4331;inspire:citing_1410.0207,,"Massive gravity is an extension of general relativity where the graviton, which mediates gravitational interactions, has a non-vanishing mass. The first steps towards formulating a theory of massive gravity were made by Fierz and Pauli in 1939, but it took another 70 years until a consistent theory of massive gravity was written down. This thesis investigates the phenomenological implications of t"
,2015,0,A Model-Independent Approach to Dark Energy Cosmologies: Current and Future Constraints,"Guarnizo Trilleras, Alejandro",,inspire:citing_1410.0207,10.11588/heidok.00020369,The effective anisotropic stress eta = − Phi/Psi is a key variable in the characterisation of the physical origin of the dark energy. It is however important to use a fully model-independent approach when measuring eta to avoid introducing a theoretical bias into the results. We forecast the precision with which future large surveys can determine eta in a way that only relies on directly observabl
1412.8471,2014-12-29,15,Coupling between Galileon and massive gravity with composite metrics,"Gao, Xian; Yoshida, Daisuke","scalar-coupled,ghost",inspire:citing_1206.3852;inspire:citing_1404.0008,10.1103/PhysRevD.92.044057,"We investigate the coupling between a Galileon scalar field and massive gravity through composite metrics. We derive the full set of equations of motion for a flat Friedmann-Robertson-Walker background, and study linear perturbations around it. Generally, the nonminimal coupling with the composite metric will excite all 6 degrees of freedom of the spatial metric perturbations, one of which may cor"
1412.5979,2014-12-18,70,Gravitational waves in bigravity cosmology,"Cusin, Giulia; Durrer, Ruth; Guarato, Pietro; Motta, Mariele",bimetric,arxiv:bimetric_recent;arxiv:idlist_status;inspire:citing_1206.3852;inspire:citing_1308.1647;inspire:citing_1404.0008;inspire:citing_1407.4331;inspire:citing_1410.0207;inspire:ft_genhiguchi,10.1088/1475-7516/2015/05/030,In this paper we study gravitational wave perturbations in a cosmological setting of bigravity which can reproduce the ΛCDM background and large scale structure. We show that in general gravitational wave perturbations are unstable and only for very fine tuned initial conditions such a cosmology is viable. We quantify this fine tuning. We argue that similar fine tuning is also required in the scal
1412.4919,2014-12-09,2,Effective matter cosmologies of massive gravity: Physical fluids,"Yılmaz, Nejat Tevfik",ghost,inspire:citing_1206.3852,10.1103/PhysRevD.90.124034,We derive new cosmological solutions of the ghost-free massive gravity with a general background metric in which the contribution of the mass sector to the metric one is modeled by an effective cosmological constant and an ideal fluid which obeys the first law of thermodynamics; thus it satisfies the ordinary energy-momentum conservation or continuity equation.
1411.6769,2014-11-25,7,Homogeneous Instantons in Bigravity,"Zhang, Ying-li; Sasaki, Misao; Yeom, Dong-han",bimetric,inspire:citing_1206.3852;inspire:citing_1407.4331,10.1007/JHEP04(2015)016,"We study homogeneous gravitational instantons, conventionally called the Hawking-Moss (HM) instantons, in bigravity theory. The HM instantons describe the amplitude of quantum tunneling from a false vacuum to the true vacuum. Corrections to General Relativity (GR) are found in a closed form. Using the result, we discuss the following two issues: reduction to the de Rham-Gabadadze-Tolley (dRGT) mas"
1411.2665,2014-11-10,6,Galaxy rotation curves in de Sitter space,"van Putten, Maurice H. P. M.",,inspire:ft_genhiguchi,,"The observed positive cosmological constant $\Lambda$ and Hubble constant $H_0$ introduce a background of de Sitter gravitons of mass $m_0=\sqrt{\Lambda}\hbar/c$ at a non-relativistic temperature $k_BT_{dS}=a_{H}\hbar/\pi c$, $a_H=H_0c$, where $\hbar$ denotes the Planck constant and $c$ the velocity of light. In this cosmology, gravitational interactions are parameterized by the inverse temperatur"
1411.1610,2014-11-06,38,Stability and antievaporation of the Schwarzschild–de Sitter black holes in bigravity,"Katsuragawa, Taishi; Nojiri, Shin'ichi",bimetric,inspire:citing_1308.1647;inspire:citing_1407.4331,10.1103/PhysRevD.91.084001,"We study the stability under the perturbation and the related antievaporation of the Nariai space-time in bigravity. If we impose a specific condition for the solutions and parameters, we obtain asymptotically de Sitter space-time, and show the existence of the Nariai space-time as a background solution. Considering the perturbation around the Nariai space-time up to the first order, we investigat"
1410.7774,2014-10-28,42,Cycles of interactions in multi-gravity theories,"Scargill, James H.C.; Noller, Johannes; Ferreira, Pedro G.",ghost,inspire:citing_1308.1647,10.1007/JHEP12(2014)160,"In this paper we study multi-gravity (multi-metric and multi-vielbein) theories in the presence of cycles of interactions (cycles in the so-called ‘theory graph’). It has been conjectured that in multi-metric theories such cycles lead to the introduction of a ghost-like instability, which, however, is absent in the multi-vielbein version of such theories. In this paper we answer this question in t"
1410.7708,2014-10-28,,Phenomenology of Dark Matter via a Bimetric Extension of General Relativity,Laura Bernard; Luc Blanchet,bimetric,arxiv:bimetric_recent,,"We propose a relativistic model of dark matter reproducing at once the concordance cosmological model $Λ$-Cold-Dark-Matter ($Λ$-CDM) at cosmological scales, and the phenomenology of the modified Newtonian dynamics (MOND) at galactic scales. To achieve this we postulate a non-standard form of dark matter, consisting of two different species of particles coupled to gravity via a bimetric extension o"
1410.6977,2014-10-25,20,Gravitational Waves: A Test for Modified Gravity,"Xu, Lixin",,inspire:citing_1407.4331,10.1103/PhysRevD.91.103520,"In a modified gravity theory, the propagation equation of gravitational waves will be presented in a non-standard way. Therefore this tenor mode perturbation of time-space, as a complement to the scalar mode perturbation, provides a unique character distinguishing modified gravity from general relativity. To avoid the model-dependent issue, in this paper, we propose a parametrised modification to "
1410.5553,2014-10-21,10,New massive spin two model on a curved spacetime,"Akagi, Satoshi; Ohara, Yuichi; Nojiri, Shin'ichi",ghost,inspire:citing_1407.4331,10.1103/PhysRevD.90.123013,"We have proposed a new ghost-free model with interactions of massive spin-two particles in Phys. Rev. D 90, 043006 (2014). Although the model is ghost-free on the Minkowski spacetime, it is not obvious whether or not this desirable property is preserved on curved spacetime. In fact, Buchbinder et al. already pointed out that the Fierz-Pauli theory is not ghost-free on curved spacetime without nonm"
1410.4239,2014-10-15,69,Quantum corrections in massive bigravity and new effective composite metrics,"Heisenberg, Lavinia","bimetric,ghost",arxiv:bimetric_recent;inspire:citing_1206.3852;inspire:citing_1308.1647;inspire:ft_higuchi_varying,10.1088/0264-9381/32/10/105011,"We compute the one-loop quantum corrections to the interactions between the two metrics of the ghost-free massive bigravity. When considering gravitons running in the loops, we show how the structure of the interactions gets destabilized at the quantum level, exactly in the same way as in its massive gravity limit. A priori one might have expected a better quantum behavior, however, the broken dif"
1410.2897,2014-10-10,19,On Partially Massless Theory in 3 Dimensions,"Alexandrov, Sergei; Deffayet, Cedric","bimetric,ghost",inspire:citing_1206.3852,10.1088/1475-7516/2015/03/043,"We analyze the first-order formulation of the ghost-free bigravity model in three-dimensions known as zwei-dreibein gravity. For a special choice of parameters, it was argued to have an additional gauge symmetry and give rise to a partially massless theory. We provide a thorough canonical analysis and identify that whether the theory becomes partially massless depends on the form of the stability "
1410.1996,2014-10-08,40,A new quasidilaton theory of massive gravity,"Mukohyama, Shinji",varying,arxiv:idlist_2;inspire:citing_1206.3852,10.1088/1475-7516/2014/12/011,"We present a new quasidilaton theory of Poincare invariant massive gravity, based on the recently proposed framework of matter coupling that makes it possible for the kinetic energy of the quasidilaton scalar to couple to both physical and fiducial metrics simultaneously. We find a scaling-type exact solution that expresses a self-accelerating de Sitter universe, and then analyze linear perturbati"
1410.0960,2014-10-03,51,Stable FLRW solutions in Generalized Massive Gravity,"de Rham, Claudia; Fasiello, Matteo; Tolley, Andrew J.","gradient,ghost",inspire:citing_1206.3852;inspire:citing_1308.1647;inspire:citing_1404.0008;inspire:citing_1410.0207;inspire:ft_higuchi_varying,10.1142/S0218271814430068,We present exact Friedmann Lemaítre Robertson Walkers (FLRW) solutions in generalized massive gravity where the mass parameters are naturally promoted to Lorentz-invariant functions of the Stückelberg fields. This new dependence relaxes the constraint that would otherwise prevent massive gravity from possessing exact FLRW solutions. It does so without the need to introduce additional degrees of fr
1410.0207,2014-09-30,92,Cosmological perturbations in massive bigravity,"Lagos, Macarena; Ferreira, Pedro G.","bimetric,ghost",arxiv:bimetric_higuchi;arxiv:bimetric_recent;arxiv:idlist_status;arxiv:mg_higuchi_cosmo;inspire:citing_1308.1647;inspire:citing_1404.0008;inspire:citing_1407.4331,10.1088/1475-7516/2014/12/026,"We present a comprehensive analysis of classical scalar, vector and tensor cosmological perturbations in ghost-free massive bigravity. In particular, we find the full evolution equations and analytical solutions in a wide range of regimes. We show that there are viable cosmological backgrounds but, as has been found in the literature, these models generally have exponential instabilities in linear"
1409.8300,2014-09-29,64,Cosmological viability of massive gravity with generalized matter coupling,"Solomon, Adam R.; Enander, Jonas; Akrami, Yashar; Koivisto, Tomi S.",,inspire:citing_1206.3852;inspire:citing_1407.4331;inspire:citing_1410.0207;inspire:ft_higuchi_varying,10.1088/1475-7516/2015/04/027,"There is a no-go theorem forbidding flat and closed FLRW solutions in massive gravity on a flat reference metric, while open solutions are unstable. Recently it was shown that this no-go theorem can be overcome if at least some matter couples to a hybrid metric composed of both the dynamical and the fixed reference metric. We show that this is not compatible with the standard description of cosmol"
1409.8284,2014-09-29,55,New Gravitational Scales in Cosmological Surveys,"Baker, Tessa; Ferreira, Pedro G.; Leonard, C. Danielle; Motta, Mariele",scalar-coupled,inspire:citing_1407.4331,10.1103/PhysRevD.90.124030,"In the quasistatic regime, generic modifications to gravity can give rise to novel scale dependence of the gravitational field equations. Crucially, the detectability of the new scale-dependent terms hinges upon the existence of an effective mass scale or length scale at which corrections to general relativity become relevant. Starting from only a few basic principles, we derive the general form o"
1409.7260,2014-09-25,70,Cosmological perturbations in massive gravity with doubly coupled matter,"Emir Gümrükçüoğlu, A.; Heisenberg, Lavinia; Mukohyama, Shinji",,inspire:citing_1206.3852;inspire:citing_1308.1647,10.1088/1475-7516/2015/02/022,"We investigate the cosmological perturbations around FLRW solutions to non- linear massive gravity with a new effective coupling to matter proposed recently. Unlike the case with minimal matter coupling, all five degrees of freedom in the gravity sector propagate on generic self-accelerating FLRW backgrounds. We study the stability of the cosmological solutions and put constraints on the parameter"
1409.3834,2014-09-12,142,"Ghosts and matter couplings in massive gravity, bigravity and multigravity","de Rham, Claudia; Heisenberg, Lavinia; Ribeiro, Raquel H.","bimetric,ghost",inspire:citing_1404.0008,10.1103/PhysRevD.90.124042,"Recently, several works have investigated the coupling to matter in ghost-free massive bigravity and multigravity and a new effective coupling to matter has been proposed. In this paper we clarify some confusion on the existence and the implications of a ghost above the strong coupling scale. We confirm that the standard constraint which is otherwise typically present in this type of theories disa"
,2014-09-10,9,Bianchi type I expanding universe in Weyl-invariant massive gravity,"Kao, W. F; Lin, Ing Chen",bimetric,inspire:citing_1206.3852,10.1103/PhysRevD.90.063003,"We will study the cosmological evolutions of a Weyl-invariant de Rham, Gabadadze, and Tolley (dRGT) massive gravity theory with a general fiducial metric. In the unitary gauge, this model is equivalent to a massive gauge field coupled to the dRGT massive gravity model. The massive gravity terms will serve as an effective cosmological constant for all metric spaces if the fiducial metric is treated"
1409.3074,2014-09-09,13,Covariant Stückelberg analysis of de Rham-Gabadadze-Tolley massive gravity with a general fiducial metric,"Gao, Xian; Kobayashi, Tsutomu; Yamaguchi, Masahide; Yoshida, Daisuke",ghost,inspire:citing_1308.1647,10.1103/PhysRevD.90.124073,"<p>The Stückelberg analysis of nonlinear massive gravity in the presence of a general fiducial metric is investigated. We develop a “covariant” formalism for the Stückelberg expansion by working with a local inertial frame, through which helicity modes can be characterized correctly. Within this covariant approach, an extended <inline-formula><mml:math display=""inline""><mml:msub><mml:mi mathvarian"
1409.3146,2014-09-09,53,Mass eigenstates in bimetric theory with matter coupling,"Schmidt-May, Angnis","bimetric,ghost",inspire:citing_1308.1647;inspire:citing_1404.0008;inspire:citing_1407.4331,10.1088/1475-7516/2015/01/039,In this paper we study the ghost-free bimetric action extended by a recently proposed coupling to matter through a composite metric. The equations of motion for this theory are derived using a method which avoids varying the square-root matrix that appears in the matter coupling. We make an ansatz for which the metrics are proportional to each other and find that it can solve the equations provide
1409.2860,2014-09-09,75,Cosmic expansion histories in massive bigravity with symmetric matter coupling,"Enander, Jonas; Solomon, Adam R.; Akrami, Yashar; Mortsell, Edvard",bimetric,arxiv:bimetric_recent;arxiv:idlist_status;inspire:citing_1404.0008;inspire:citing_1407.4331;inspire:citing_1410.0207,10.1088/1475-7516/2015/01/006,"We study the cosmic expansion history of massive bigravity with a viable matter coupling which treats both metrics on equal footing. We derive the Friedmann equation for the effective metric through which matter couples to the two metrics, and study its solutions. For certain parameter choices, the background cosmology is identical to that of ΛCDM. More general parameters yield dynamical dark ener"
1409.0202,2014-08-31,52,Dark matter in ghost-free bigravity theory: From a galaxy scale to the universe,"Aoki, Katsuki; Maeda, Kei-ichi","bimetric,ghost",arxiv:bimetric_recent;inspire:citing_1404.0008;inspire:citing_1407.4331,10.1103/PhysRevD.90.124089,"We study the origin of dark matter based on the ghost-free bigravity theory with twin matter fluids. The present cosmic acceleration can be explained by the existence of graviton mass, while dark matter is required in several cosmological situations (the galactic missing mass, the cosmic structure formation and the cosmic microwave background observation). Assuming that the Compton wavelength of t"
1408.3520,2014-08-15,23,A cosmological exclusion plot: Towards model-independent constraints on modified gravity from current and future growth rate data,"Taddei, Laura; Amendola, Luca",,inspire:citing_1407.4331,10.1088/1475-7516/2015/02/001,Most cosmological constraints on modified gravity are obtained assuming that the cosmic evolution was standard ΛCDM in the past and that the present matter density and power spectrum normalization are the same as in a ΛCDM model. Here we examine how the constraints change when these assumptions are lifted. We focus in particular on the parameter Y (also called G(eff)) that quantifies the deviation
1408.2224,2014-08-10,45,Friction in Gravitational Waves: a test for early-time modified gravity,"Pettorino, Valeria; Amendola, Luca",scalar-coupled,inspire:citing_1407.4331,10.1016/j.physletb.2015.02.007,"Modified gravity theories predict in general a non-standard equation for the propagation of gravitational waves. Here we discuss the impact of modified friction and speed of tensor modes on cosmic microwave polarization B modes. We show that the non-standard friction term, parametrized by αM , is degenerate with the tensor-to-scalar ratio r , so that small values of r can be compensated by negativ"
1408.1678,2014-08-07,204,On couplings to matter in massive (bi-)gravity,"de Rham, Claudia; Heisenberg, Lavinia; Ribeiro, Raquel H.",ghost,inspire:citing_1206.3852;inspire:citing_1308.1647;inspire:citing_1404.0008;inspire:citing_1407.4331,10.1088/0264-9381/32/3/035022,"We investigate the coupling to matter in ghost-free massive (bi-)gravity. When species in the matter sector couple covariantly to only one metric, we show that at one-loop these couplings do not spoil the special structure of the graviton potential. When the same species couples directly to both metrics we show that a ghost is present at the classical level and that loops destroy the special struc"
1408.0487,2014-08-03,103,Appearance of Boulware–Deser ghost in bigravity with doubly coupled matter,"Yamashita, Yasuho; De Felice, Antonio; Tanaka, Takahiro","bimetric,ghost",inspire:citing_1308.1647;inspire:citing_1404.0008;inspire:citing_1407.4331,10.1142/S0218271814430032,"In this paper, we discuss the ghost freeness in the case when we add matter coupled to two metrics to the ghost-free bigravity. In this paper we show that the Boulware–Deser ghost generally revives in the presence of doubly coupled matter and that ghost freeness strongly restricts the model of kinetically doubly coupled matter. This result may anticipate difficulties in the attempt to derive the g"
1407.5765,2014-07-22,6,Stability analysis for new theories of massive spin-two particle and black hole entropy of new bigravity,"Ohara, Yuichi; Akagi, Satoshi; Nojiri, Shin'ichi","bimetric,ghost",inspire:citing_1407.4331,10.1103/PhysRevD.92.023011,"In [Phys. Rev. D 90, 043006 (2014)], we proposed a new ghost-free massive spin-two model in flat spacetime. Furthermore, as some extension, we coupled the new model with a nondynamical curved background in [Phys. Rev. D 90, 123013 (2014)] and constructed new interaction terms without the appearance of an extra mode. The characteristic property of the new model is the existence of nonlinear potenti"
1407.5580,2014-07-21,30,Non-local formulation of ghost-free bigravity theory,"Cusin, Giulia; Fumagalli, Jacopo; Maggiore, Michele","bimetric,ghost",inspire:citing_1308.1647;inspire:citing_1404.0008,10.1007/JHEP09(2014)181,"We study the ghost-free bimetric theory of Hassan and Rosen, with parameters β$_{i}$ such that a flat Minkowski solution exists for both metrics. We show that, expanding around this solution and eliminating one of the two metrics with its own equation of motion, the remaining metric is governed by the Einstein-Hilbert action plus a non-local term proportional to W$_{μνρσ}$ (□ − m$^{2}$)$^{−1}$ W$^"
1407.4331,2014-07-16,136,Stable and unstable cosmological models in bimetric massive gravity,"Koennig, Frank; Akrami, Yashar; Amendola, Luca; Motta, Mariele","bimetric,ghost",arxiv:bimetric_recent;inspire:citing_1308.1647;inspire:citing_1404.0008,10.1103/PhysRevD.90.124014,"<p>Nonlinear, ghost-free massive gravity has two tensor fields; when both are dynamical, the mass of the graviton can lead to cosmic acceleration that agrees with background data, even in the absence of a cosmological constant. Here the question of the stability of linear perturbations in this bimetric theory is examined. Instabilities are presented for several classes of models, and simple criter"
1407.2772,2014-07-10,63,Particular Solutions in Bimetric Theory and Their Implications,"Hassan, S.F.; Schmidt-May, Angnis; von Strauss, Mikael","bimetric,ghost",inspire:citing_1308.1647;inspire:citing_1404.0008;inspire:ft_higuchi_varying,10.1142/S0218271814430020,"Ghost-free bimetric theory can describe gravity in the presence of an extra spin-2 field. In this paper, we study certain aspects of dynamics in this theory: (i) It is shown that if either of the metrics is an Einstein solution, then the other is always forced to be Einstein, too. For a class of bimetric models, this constraint is stronger and as soon as one metric is Einstein, the other metric is"
1407.0059,2014-06-30,1407,Beyond the Cosmological Standard Model,"Joyce, Austin; Jain, Bhuvnesh; Khoury, Justin; Trodden, Mark",varying,inspire:citing_1206.3852;inspire:citing_1308.1647;inspire:citing_1404.0008,10.1016/j.physrep.2014.12.002,"After a decade and a half of research motivated by the accelerating universe, theory and experiment have reached a certain level of maturity. The development of theoretical models beyond Λ or smooth dark energy, often called modified gravity, has led to broader insights into a path forward, and a host of observational and experimental tests have been developed. In this review we present the curren"
1406.7139,2014-06-27,243,Anisotropic Stress as a Signature of Nonstandard Propagation of Gravitational Waves,"Saltas, Ippocratis D.; Sawicki, Ignacy; Amendola, Luca; Kunz, Martin","bimetric,scalar-coupled",arxiv:bimetric_recent;inspire:citing_1206.3852;inspire:citing_1308.1647;inspire:citing_1404.0008;inspire:citing_1407.4331,10.1103/PhysRevLett.113.191101,"We make precise the heretofore ambiguous statement that anisotropic stress is a sign of a modification of gravity. We show that in cosmological solutions of very general classes of models extending gravity—all scalar-tensor theories (Horndeski), Einstein-aether models, and bimetric massive gravity—a direct correspondence exists between perfect fluids apparently carrying anisotropic stress and a mo"
1406.2335,2014-06-09,80,No-Go Theorems for Unitary and Interacting Partially Massless Spin-Two Fields,"Joung, Euihun; Li, Wenliang; Taronna, M.",,inspire:citing_1308.1647,10.1103/PhysRevLett.113.091101,"<p>We examine the generic theory of a paratially massless (PM) spin-two field interacting with gravity in four dimensions from a bottom-up perspective. By analyzing the most general form of the Lagrangian, we first show that if such a theory exists, its de Sitter background must admit either <inline-formula><mml:math display=""inline""><mml:mi>s</mml:mi><mml:mi>o</mml:mi><mml:mo stretchy=""false"">(</"
1405.7004,2014-05-27,84,Effects of modified gravity on B-mode polarization,"Amendola, Luca; Ballesteros, Guillermo; Pettorino, Valeria",,inspire:citing_1407.4331,10.1103/PhysRevD.90.043009,"<p>We explore the impact of modified gravity on <inline-formula><mml:math display=""inline""><mml:mi>B</mml:mi></mml:math></inline-formula>-modes, identifying two main separate effects: lensing and propagation of tensor modes. The location of the inflationary peak of the <inline-formula><mml:math display=""inline""><mml:mi>B</mml:mi><mml:mi>B</mml:mi></mml:math></inline-formula> spectrum depends on th"
1405.6402,2014-05-25,6,Effective Matter Cosmologies of Massive Gravity I: Non-Physical Fluids,"Yilmaz, Nejat Tevfik",,inspire:citing_1206.3852,10.1088/1475-7516/2014/08/037,"For the massive gravity, after decoupling from the metric equation we find a broad class of solutions of the Stückelberg sector by solving the background metric in the presence of a diagonal physical metric. We then construct the dynamics of the corresponding FLRW cosmologies which inherit effective matter contribution through the decoupling solution mechanism of the scalar sector."
1405.4049,2014-05-16,,Non-perturbative Massive de Sitter Solutions,Zurab Kakushadze,"higuchi,ghost",arxiv:higuchi_all;arxiv:mg_higuchi_cosmo,,"We discuss non-perturbative dynamics of massive gravity in de Sitter space via gravitational Higgs mechanism. We argue that enhanced local symmetry and null (ghost) state at (below) the perturbative Higuchi bound are mere artifacts of not only linearization but also assuming the Fierz-Pauli mass term. We point out that, besides de Sitter, there are vacuum solutions where the space asymptotically i"
1405.1862,2014-05-08,4,Translation invariant time-dependent solutions to massive gravity II,"Mourad, J.; Steer, D.A.",ghost,inspire:citing_1308.1647,10.1088/1475-7516/2014/06/058,"This paper is a sequel to JCAP 12 (2013) 004 and is also devoted to translation-invariant solutions of ghost-free massive gravity in its moving frame formulation. Here we consider a mass term which is linear in the vielbein (corresponding to a β(3) term in the 4D metric formulation) in addition to the cosmological constant. We determine explicitly the constraints, and from the initial value formul"
1405.1208,2014-05-06,1,Consistent Bimetric Theory and its Application to Cosmology,"Schmidt-May, Angnis","bimetric,ghost",inspire:citing_1404.0008,,"Recently, the construction of ghost-free nonlinear massive spin-2 interactions solved a long outstanding problem in classical field theory. The consistent formulation requires a second rank-two tensor (or metric) and therefore has the form of a bimetric theory. Besides providing the solution to an old problem in field theory, ghost-free bimetric theory also has an interesting phenomenology: Its ho"
1405.0358,2014-05-02,18,Cosmology in rotation-invariant massive gravity with non-trivial fiducial metric,"Langlois, David; Mukohyama, Shinji; Namba, Ryo; Naruko, Atsushi","gradient,varying,ghost",arxiv:idlist_2;inspire:citing_1206.3852;inspire:ft_higuchi_varying,10.1088/0264-9381/31/17/175003,"We investigate the cosmology of $SO(3)$-invariant massive gravity with 5 degrees of freedom. In contrast with previous studies, we allow for a non-trivial fiducial metric, which can be justified by invoking, for example, a dilaton-like global symmetry. We write the homogeneous and isotropic equations of motion in this more general setup and identify, in particular, de Sitter solutions. We then stu"
1404.3892,2014-04-15,2,Effective Fluid FLRW Cosmologies of Minimal Massive Gravity,"Yılmaz, Nejat Tevfik",,inspire:citing_1206.3852,10.1142/S021773231550087X,By using a solution ansatz we partially decouple the metric and the Stückelberg sectors of the minimal massive gravity (MMGR). In this scheme for a diagonal physical metric we find the general solutions for the scalars of the theory and the particular fiducial (background) metric which leads to these solutions. Then we adopt this general formalism to construct the derivation of new Friedmann–Lemai
1404.4061,2014-04-15,88,Linear growth of structure in massive bigravity,"Solomon, Adam R.; Akrami, Yashar; Koivisto, Tomi S.","bimetric,scalar-coupled,ghost",inspire:citing_1308.1647;inspire:citing_1404.0008;inspire:citing_1407.4331,10.1088/1475-7516/2014/10/066,"The ghost-free theory of massive gravity with two dynamical metrics has been shown to produce viable cosmological expansion, where the late-time acceleration of the Universe is due to the finite range of the gravitational interaction rather than a nonzero cosmological constant. Here the cosmological perturbations are studied in this theory. The full perturbation equations are presented in a genera"
1404.2291,2014-04-08,15,Energy in ghost-free massive gravity theory,"Volkov, Mikhail S.",ghost,inspire:citing_1308.1647,10.1103/PhysRevD.90.124090,"The detailed calculations of the energy in the ghost-free massive gravity theory are presented. The energy is defined in the standard way within the canonical approach, but to evaluate it requires resolving the Hamiltonian constraints, which are known, in general, only implicitly. Fortunately, the constraints can be explicitly obtained and resolved in the spherically symmetric sector, which allows"
1404.0008,2014-03-31,128,Viable cosmology in bimetric theory,"De Felice, Antonio; Gümrükçüoğlu, A. Emir; Mukohyama, Shinji; Tanahashi, Norihiro","higuchi,gradient,bimetric,ghost",arxiv:bimetric_gradient;arxiv:bimetric_higuchi;arxiv:bimetric_recent;arxiv:higuchi_all;arxiv:idlist_status;arxiv:mg_higuchi_cosmo;inspire:citing_1206.3852;inspire:citing_1308.1647,10.1088/1475-7516/2014/06/037,"We study cosmological perturbations in bimetric theory with two fluids each of which is coupled to one of the two metrics. Focusing on a healthy branch of background solutions, we clarify the stability of the cosmological perturbations. For this purpose, we extend the condition for the absence of the so-called Higuchi ghost, and show that the condition is guaranteed to be satisfied on the healthy "
1404.0006,2014-03-31,66,The nature of spacetime in bigravity: two metrics or none?,"Akrami, Yashar; Koivisto, Tomi S.; Solomon, Adam R.","bimetric,ghost",inspire:citing_1407.4331,10.1007/s10714-014-1838-4,"The possibility of matter coupling to two metrics at once is considered. This appears natural in the most general ghost-free, bimetric theory of gravity, where it unlocks an additional symmetry with respect to the exchange of the metrics. This double coupling, however, raises the problem of identifying the observables of the theory. It is shown that if the two metrics couple minimally to matter, t"
1403.6813,2014-03-26,67,Unification of Galileon Dualities,"Kampf, Karol; Novotny, Jiří",,inspire:citing_1308.1647,10.1007/JHEP10(2014)006,"We study dualities of the general Galileon theory in d dimensions in terms of coordinate transformations on the coset space corresponding to the spontaneously broken Galileon group. The most general duality transformation is found to be determined uniquely up to four free parameters and under compositions these transformations form a group which can be identified with GL(2, R). This group represen"
1403.6017,2014-03-24,4,Supergravity Induced Interactions on Thick Branes,"Yılmaz, Nejat T.",scalar-coupled,inspire:citing_1206.3852,10.1088/1674-1056/23/4/040401,The gravity coupling of the symmetric space sigma model is studied in the solvable Lie algebra parametrization. The corresponding Einstein equations are derived and the energy–momentum tensor is calculated. The results are used to derive the dynamical equations of the warped five-dimensional (5D) geometry for localized bulk scalar interactions in the framework of thick brane world models. The Eins
1403.5679,2014-03-22,,FRW Cosmological Perturbations in Massive Bigravity,D. Comelli; M. Crisostomi; L. Pilo,"bimetric,ghost",arxiv:bimetric_recent;arxiv:idlist_status,,"Cosmological perturbations of FRW solutions in ghost free massive bigravity, including also a second matter sector, are studied in detail. At early time, we find that sub horizon exponential instabilities are unavoidable and they lead to a premature departure from the perturbative regime of cosmological perturbations."
1403.4442,2014-03-18,3,Cosmological evolutions of $F(R)$ nonlinear massive gravity,"Wu, De-Jun",,inspire:citing_1206.3852;inspire:citing_1308.1647,10.1103/PhysRevD.90.043530,"<p>Recently a new extended nonlinear massive gravity model has been proposed which includes the <inline-formula><mml:math display=""inline""><mml:mrow><mml:mi>F</mml:mi><mml:mo stretchy=""false"">(</mml:mo><mml:mi>R</mml:mi><mml:mo stretchy=""false"">)</mml:mo></mml:mrow></mml:math></inline-formula> modifications to the de Rham–Gabadadze–Tolley model. We follow the <inline-formula><mml:math display=""inl"
1403.3690,2014-03-14,95,Generalized galileon duality,"De Rham, Claudia; Keltner, Luke; Tolley, Andrew J.",scalar-coupled,inspire:citing_1308.1647,10.1103/PhysRevD.90.024050,"We generalize the Galileon duality to any single scalar field Lagrangian coupled locally to any matter field. Under the duality, a generalized Galileon maps into another generalized Galileon via a one-parameter group of transformations, with only a simple modification of the Lagrangian functions. We find a special class of generalized Galileons for which the duality is a symmetry of the action. We"
,2014-02-28,0,Theoretical and observational consistency of massive gravity,"Heisenberg, Lavinia","scalar-coupled,ghost",inspire:citing_1206.3852;inspire:citing_1308.1647,10.1007/978-3-319-18935-2,"This work is a detailed study of both the theoretical and phenomenological consequences of a massive graviton, within the ghost-free theory of massive gravity, the de Rham-Gabadadze-Tolley (dRGT) theory. Its aim is to test the physical viability of the theory. It begins by putting constraints on the parameters of the theory in the decoupling limit based on purely theoretical grounds, like classica"
1402.5737,2014-02-24,,Renormalizable toy model of massive spin two field and new bigravity,Yuichi Ohara; Satoshi Akagi; Shin'ichi Nojiri,"bimetric,ghost",arxiv:bimetric_recent,,"In this paper, we propose a toy model of the renormalizable theory describing massive spin two field. Although the model is renormalizable, we show that the model contains ghost. The coupling of the theory with gravity can be regarded as a new kind of bimetric gravity or bigravity. We show that the massive spin two field plays the role of the cosmological constant."
1402.5424,2014-02-21,22,Galileons Coupled to Massive Gravity: General Analysis and Cosmological Solutions,"Goon, Garrett; Gümrükçüoğlu, A. Emir; Hinterbichler, Kurt; Mukohyama, Shinji","scalar-coupled,ghost",inspire:citing_1206.3852;inspire:ft_higuchi_varying,10.1088/1475-7516/2014/08/008,"We further develop the framework for coupling galileons and Dirac-Born-Infeld (DBI) scalar fields to a massive graviton while retaining both the non-linear symmetries of the scalars and ghost-freedom of the theory. The general construction is recast in terms of vielbeins which simplifies calculations and allows for compact expressions. Expressions for the general form of the action are derived, wi"
1402.2953,2014-02-12,17,Stability of Minkowski space in ghost-free massive gravity theory,"Volkov, Mikhail S.",ghost,inspire:citing_1308.1647,10.1103/PhysRevD.90.024028,"The energy in the ghost-free massive gravity theory is calculated via explicitly resolving the initial value constraints for spherically symmetric deformations of flat space. It turns out that the energy is positive in some cases, but in other cases it can be negative and even unbounded from below. This could suggest that ghost instability is present. However, it seems that the negative energy sta"
1402.1988,2014-02-09,77,Instability in a minimal bimetric gravity model,"Könnig, Frank; Amendola, Luca",bimetric,arxiv:bimetric_recent;arxiv:idlist_status;inspire:citing_1308.1647;inspire:citing_1404.0008,10.1103/PhysRevD.90.044030,"<p>We discuss in detail a particularly simple example of a bimetric massive gravity model which seems to offer an alternative to the standard cosmological model at background level. For small redshifts, its equation of state is <inline-formula><mml:math display=""inline""><mml:mrow><mml:mi>w</mml:mi><mml:mo stretchy=""false"">(</mml:mo><mml:mi>z</mml:mi><mml:mo stretchy=""false"">)</mml:mo><mml:mo>≈</mm"
1401.7378,2014-01-29,,Trace-anomaly driven inflation in $f(T)$ gravity and in minimal massive bigravity,Kazuharu Bamba; Shin'ichi Nojiri; Sergei D. Odintsov,bimetric,arxiv:bimetric_recent,,"We explore trace-anomaly driven inflation in modified gravity. It is explicitly shown that in $T^2$ teleparallel gravity, the de Sitter inflation can occur, although quasi de Sitter inflation happens in $R^2$ gravity. Furthermore, we investigate the influence of the trace anomaly on inflation. It is found that in $f(T)$ gravity, the de Sitter inflation can end because it becomes unstable due to th"
1401.6343,2014-01-24,,On non-perturbative analysis of massive and bimetric gravity,Alexey Golovnev,"bimetric,ghost",arxiv:bimetric_recent,,"This is my contribution to Proceedings of II Russian-Spanish Congress on Particle and Nuclear Physics at all Scales and Cosmology, Saint Petersburg, Russia, October 1 - 4, 2013. We give a brief overview of the ghost-free massive and bimetric gravity emphasising its non-perturbative aspects and ADM approach to calculating the precise number of degrees of freedom. To the standard material, we add so"
1401.5403,2014-01-21,30,Self-acceleration with Quasidilaton,"Gabadadze, Gregory; Kimura, Rampei; Pirtskhalava, David","gradient,varying,ghost",inspire:ft_higuchi_varying,10.1103/PhysRevD.90.024029,"Quasidilaton massive gravity is an extension of massive general relativity to a theory with additional scale invariance and approximate internal Galilean symmetry. The theory has a novel self-accelerated solution with the metric indistinguishable (in the decoupling limit) from the de Sitter space, its curvature set by the graviton mass. The spectra of tensor, vector, and scalar perturbations on th"
1401.4418,2014-01-17,43,Cosmology of F(R) nonlinear massive gravity,"Cai, Yi-Fu; Saridakis, Emmanuel N.",ghost,inspire:citing_1206.3852,10.1103/PhysRevD.90.063528,"<p>The theory of nonlinear massive gravity can be extended into the <inline-formula><mml:math display=""inline""><mml:mi>F</mml:mi><mml:mo stretchy=""false"">(</mml:mo><mml:mi>R</mml:mi><mml:mo stretchy=""false"">)</mml:mo></mml:math></inline-formula> form as developed by Cai <italic>et al.</italic> [<mixed-citation publication-type=""journal""><source>Phys. Rev. D</source> <volume>90</volume>, <page-rang"
1401.4336,2014-01-17,30,Mapping the ghost free bigravity into braneworld setup,"Yamashita, Yasuho; Tanaka, Takahiro","bimetric,ghost",arxiv:idlist_status;inspire:citing_1308.1647,10.1088/1475-7516/2014/06/004,"We discuss whether or not bigravity theory can be embedded into the braneworld setup. As a candidate, we consider Dvali-Gabadadze-Porrati two-brane model with the Goldberger-Wise radion stabilization. We will show that we can construct a ghost free model whose low energy spectrum is composed of a massless graviton and a massive graviton with a small mass. As is expected, the behavior of this effec"
1401.4173,2014-01-16,1222,Massive Gravity,"de Rham, Claudia",ghost,inspire:citing_1206.3852;inspire:citing_1308.1647;inspire:ft_genhiguchi;inspire:ft_higuchi_varying,10.12942/lrr-2014-7,"We review recent progress in massive gravity. We start by showing how different theories of massive gravity emerge from a higher-dimensional theory of general relativity, leading to the Dvali-Gabadadze-Porrati model (DGP), cascading gravity, and ghost-free massive gravity. We then explore their theoretical and phenomenological consistency, proving the absence of Boulware-Deser ghosts and reviewing"
1401.2941,2014-01-13,,Unimodular gravity and general relativity from graviton self-interactions,Carlos Barceló; Raúl Carballo-Rubio; Luis J. Garay,bimetric,arxiv:bimetric_recent,,It is commonly accepted that general relativity is the only solution to the consistency problem that appears when trying to build a theory of interacting gravitons (massless spin-2 particles). Padmanabhan's 2008 thought-provoking analysis raised some concerns that are having resonance in the community. In this work we present the self-coupling problem in detail and explicitly solve the infinite-it
,2014,0,Theories of Modified Gravity,"Tolley, Andrew J.",bimetric,inspire:citing_1206.3852;inspire:citing_1308.1647,,We review a class of theoretical models of modied gravity that incorporate the Vainshtein mechanism. These include in particular models based on massive gravity and its general- izations. We review how massive gravity models may be obtained from extra dimensions through the deconstruction framework and discuss the decoupling of bi-gravity and the asso- ciated Galileon duality it uncovers
1312.7040,2013-12-25,28,Cosmology in ghost-free bigravity theory with twin matter fluids: The origin of dark matter,"Aoki, Katsuki; Maeda, Kei-ichi","bimetric,ghost",inspire:citing_1206.3852;inspire:citing_1308.1647,10.1103/PhysRevD.89.064051,"<p>We study dynamics of Friedmann-Lemaître-Robertson-Walker (FLRW) spacetime based on the ghost-free bigravity theory. Assuming the coupling parameters guaranteeing the existence of de Sitter space as well as Minkowski spacetime, we find two stable attractors for spacetime with “twin” dust matter fields: One is de Sitter accelerating universe and the other is matter dominated universe. Although a "
1312.3208,2013-12-11,,Viable cosmological solutions in massive bimetric gravity,Frank Könnig; Aashay Patil; Luca Amendola,bimetric,arxiv:bimetric_recent;arxiv:idlist_status,,"We find the general conditions for viable cosmological solution at the background level in bigravity models. Furthermore, we constrain the parameters by comparing to the Union 2.1 supernovae catalog and identify, in some cases analytically, the best fit parameter or the degeneracy curve among pairs of parameters. We point out that a bimetric model with a single free parameter predicts a simple rel"
1312.1550,2013-12-05,,Properties of Bigravity Solutions in a Solvable Class,Taishi Katsuragawa,bimetric,arxiv:bimetric_recent,,"We consider the properties of solutions in the bigravity theory for general models, which are parametrized by two parameters $α_{3}$ and $α_{4}$. Assuming that two metric tensors $g_{μν}$ and $f_{μν}$ satisfy the condition $f_{μν}=C^{2}g_{μν}$ where $C$ is a constant, we investigate the conditions for the parameters so that the solutions with $C\neq1$ could exist. We also discuss the magnitude and"
1312.0709,2013-12-03,19,Coleman-de Luccia instanton in dRGT massive gravity,"Zhang, Ying-li; Saito, Ryo; Yeom, Dong-han; Sasaki, Misao",,inspire:ft_higuchi_varying,10.1088/1475-7516/2014/02/022,"We study the Coleman-de Luccia (CDL) instantoncharacterizing the tunneling from a false vacuum to the true vacuumin a semi-classical way in dRGT (deRham-Gabadadze-Tolley) massivegravity theory, and evaluate the dependence of the tunneling rate onthe model parameters. It is found that provided with the samephysical Hubble parameters for the true vacuum HT and thefalse vacuum HF as in General Relati"
1311.7009,2013-11-27,34,Interacting spin-2 fields  in the Stückelberg picture,"Noller, Johannes; Scargill, James H. C.; Ferreira, Pedro G.","bimetric,ghost",inspire:citing_1206.3852;inspire:citing_1308.1647,10.1088/1475-7516/2014/02/007,"We revisit and extend the `Effective field theory for massive gravitons' constructed by Arkani-Hamed, Georgi and Schwartz in the light of recent progress in constructing ghost-free theories with multiple interacting spin-2 fields. We show that there exist several dual ways of restoring gauge invariance in such multi-gravity theories, find a generalised Fierz-Pauli tuning condition relevant in this"
1311.3828,2013-11-15,,Noether Identities and Gauge-Fixing the Action for Cosmological Perturbations,Macarena Lagos; Máximo Bañados; Pedro G. Ferreira; Sebastián García-Sáenz,bimetric,arxiv:bimetric_recent,,"We propose and develop a general algorithm for finding the action for cosmological perturbations which rivals the conventional, gauge-invariant approach and can be applied to theories with more than one metric. We then apply it to a particular case of bigravity, focusing on the Eddington- inspired Born-Infeld theory, and show that we can obtain a nearly scale-invariant power spectrum for both scal"
1310.6560,2013-10-24,4,Translation invariant time-dependent solutions to massive gravity,"Mourad, J.; Steer, D.A.",ghost,inspire:citing_1308.1647,10.1088/1475-7516/2013/12/004,"Homogeneous time-dependent solutions of massive gravitygeneralise the plane wave solutions of the linearised Fierz-Pauliequations for a massive spin-two particle, as well as the Kasnersolutions of General Relativity. We show that they also allow aclear counting of the degrees of freedom and represent a simplifiedframework to work out the constraints, the equations of motion andthe initial value fo"
1310.6353,2013-10-23,47,Kaluza-Klein Towers on General Manifolds,"Hinterbichler, Kurt; Levin, Janna; Zukowski, Claire",,inspire:citing_1308.1647,10.1103/PhysRevD.89.086007,"<p>A higher dimensional universe with compactified extra dimensions admits a four-dimensional description consisting of an infinite Kaluza-Klein tower of fields. We revisit the problem of describing the free part of the complete Kaluza-Klein tower of gauge fields, <inline-formula><mml:math display=""inline""><mml:mi>p</mml:mi></mml:math></inline-formula> forms, gravity, and flux compactifications. I"
1310.3373,2013-10-12,,MOND and its bimetric formulation,Mordehai Milgrom,bimetric,arxiv:bimetric_recent,,"I first give a succinct account of the MOND paradigm--emphasizing the centrality of scale invariance in the nonrelativistic, deep-MOND limit--and describing rudiments of its phenomenology. I then present my credo, and some generalities, concerning existing MOND theories. Then I concentrate on one relativistic formulation of MOND in the form of a bimetric theory (BIMOND). I describe its various lim"
1310.1460,2013-10-05,31,Cosmology and stability in scalar–tensor bigravity,"Bamba, Kazuharu; Kokusho, Yusuke; Nojiri, Shin'ichi; Shirai, Norihito","bimetric,scalar-coupled",inspire:t_bimetric_scalar,10.1088/0264-9381/31/7/075016,"The bigravity models coupled with two scalar fields are constructed. We show that a wide class of the expansion history of the universe, especially corresponding to dark energy and/or inflation, can be described by a solution of the bigravity model. We discuss the stability of the solution and give the conditions for the stability. We also explicitly construct a model which gives a stable solution"
1309.5947,2013-09-23,,Self-accelerating Massive Gravity: Bimetric Determinant Singularities,Pierre Gratia; Wayne Hu; Mark Wyman,bimetric,arxiv:bimetric_recent,,"The existence of two metrics in massive gravity theories in principle allows solutions where there are singularities in new scalar invariants jointly constructed from them. These configurations occur when the two metrics differ substantially from each other, as in black hole and cosmological solutions. The simplest class of such singularities are determinant singularities. We investigate whether t"
1309.3748,2013-09-15,,Bounce cosmology from $F(R)$ gravity and $F(R)$ bigravity,Kazuharu Bamba; Andrey N. Makarenko; Alexandr N. Myagky; Shin'ichi Nojiri,bimetric,arxiv:bimetric_recent,,"We reconstruct $F(R)$ gravity models with exponential and power-law forms of the scale factor in which bounce cosmology can be realized. We explore the stability of the reconstructed models with analyzing the perturbations from the background solutions. Furthermore, we study an $F(R)$ gravity model with a sum of exponentials form of the scale factor, where the bounce in the early universe as well "
1309.3162,2013-09-12,57,Generalized quasidilaton theory,"De Felice, Antonio; Emir Gümrükçüoğlu, A.; Mukohyama, Shinji",varying,inspire:citing_1206.3852;inspire:ft_higuchi_varying,10.1103/PhysRevD.88.124006,"Recently the first example of a unitary theory of Lorentz-invariant massive gravity allowing for stable self-accelerating de Sitter solutions was found, extending the quasidilaton theory. In this paper we further generalize this new action for the quasidilaton field by introducing general Lagrangian terms which are consistent with the quasidilaton symmetry while leading to second order equations o"
1309.2245,2013-09-09,30,Perturbations for massive gravity theories,"Guarato, Pietro; Durrer, Ruth",,inspire:citing_1206.3852,10.1103/PhysRevD.89.084016,"<p>A theory of massive gravity depends on a nondynamical “reference metric” <inline-formula><mml:math display=""inline""><mml:mrow><mml:msub><mml:mrow><mml:mi>f</mml:mi></mml:mrow><mml:mrow><mml:mi>μ</mml:mi><mml:mi>ν</mml:mi></mml:mrow></mml:msub></mml:mrow></mml:math></inline-formula> which is often taken to be the flat Minkowski metric. In this paper we examine the theory of perturbations on a ba"
1309.2146,2013-09-09,,Boulware-Deser ghost in extended quasidilaton massive gravity,Shinji Mukohyama,"varying,ghost",arxiv:idlist_2,,"In the extended quasidilaton massive gravity we perform a nonlinear transformation of the shift vector and then calculate the second derivatives of the Hamiltonian density with respect to the lapse function and the (nonlinearly transformed) shift vector. It is then shown that the $4\times 4$ Hessian matrix is invertible, meaning that the equations of motion for the lapse function and the shift vec"
,2013-09-05,24,Anisotropically expanding universe in massive gravity,"Do, Tuan Q.; Kao, W.F.","scalar-coupled,ghost",inspire:citing_1206.3852,10.1103/PhysRevD.88.063006,We study the cosmological implications of a ghost-free nonlinear massive gravity theory with a cosmological constant. We find that the massive terms serve as an effective cosmological constant for a large class of metric spaces with a compatible fiducial metric associated with the massive terms. A specific solution is solved as an example for this model under the Bianchi type I space and a compati
1308.4136,2013-08-19,59,Deconstructing Dimensions and Massive Gravity,"de Rham, Claudia; Matas, Andrew; Tolley, Andrew J.",ghost,inspire:citing_1308.1647,10.1088/0264-9381/31/2/025004,"We show that the ghost-free models of massive gravity and their multi-graviton extensions follow from considering higher dimensional General Relativity in Einstein–Cartan form on a discrete extra dimension, according to the dimensional deconstruction paradigm. We show that dimensional deconstruction is equivalent to a truncation of the Kaluza–Klein tower at the nonlinear level. Higher dimensional "
1308.2702,2013-08-12,102,Galileon Duality,"de Rham, Claudia; Fasiello, Matteo; Tolley, Andrew J.",scalar-coupled,inspire:citing_1308.1647,10.1016/j.physletb.2014.03.061,We show that every Galileon theory admits a dual formulation as a Galileon theory with new operator coefficients. In n dimensions a free scalar field in Minkowski spacetime is dual to a (n+1) -th order Galileon theory which exhibits the Vainshtein mechanism when coupled to sources and superluminal propagation even on-shell. This demonstrates that superluminal propagation at low energies is compati
1308.1647,2013-08-07,181,Cosmological Stability Bound in Massive Gravity and Bigravity,"Fasiello, Matteo; Tolley, Andrew J.",bimetric,arxiv:bimetric_recent;inspire:citing_1206.3852;inspire:ft_genhiguchi;inspire:ft_higuchi_varying,10.1088/1475-7516/2013/12/002,We give a simple derivation of a cosmological bound on the graviton mass for spatially flat FRW solutions in massive gravity with an FRW reference metric and for bigravity theories. This bound comes from the requirement that the kinetic term of the helicity zero mode of the graviton is positive definite. The bound is dependent only on the parameters in the massive gravity potential and the Hubble 
1307.8033,2013-07-30,,Duality properties of strong isoperimetric inequalities on a planar graph and combinatorial curvatures,Byung-Geun Oh,higuchi,arxiv:higuchi_all,,"This paper is about hyperbolic properties on planar graphs. First, we study the relations among various kinds of strong isoperimetric inequalities on planar graphs and their duals. In particular, we show that a planar graph satisfies a strong isoperimetric inequality if and only if its dual has the same property, if the graph satisfies some minor regularity conditions and we choose an appropriate "
,2013-07-24,3,Thermodynamics of the Apparent Horizon in FRW Universe with Massive Gravity,"Li, Hui; Zhang, Yi",,inspire:citing_1206.3852,10.1088/0253-6102/60/1/05,"Applying Clausius relation with energy-supply defined by the unified first law of thermodynamics formalism to the apparent horizon of a massive gravity model in cosmology proposed lately, the corrected entropic formula of the apparent horizon is obtained with the help of the modified Friedmann equations. This entropy-area relation, together with the identified Misner-Sharp internal energy, verifie"
1306.4740,2013-06-19,39,Generalized massive gravity in arbitrary dimensions and its Hamiltonian formulation,"Huang, Qing-Guo; Zhang, Ke-Chao; Zhou, Shuang-Yong",ghost,inspire:citing_1206.3852,10.1088/1475-7516/2013/08/050,"We extend the four-dimensional de Rham-Gabadadze-Tolley(dRGT) massive gravity model to a general scalar massive-tensortheory in arbitrary dimensions, coupling a dRGT massive graviton tomultiple scalars and allowing for generic kinetic and mass matrixmixing between the massive graviton and the scalars, and derive itsHamiltonian formulation and associated constraint system. Whenpassing to the Hamilt"
1306.4426,2013-06-19,,Accelerating cosmology in modified gravity: from convenient $F(R)$ or string-inspired theory to bimetric $F(R)$ gravity,Shin'Ichi Nojiri; Sergei D. Odintsov,"bimetric,scalar-coupled,ghost",arxiv:bimetric_recent,,"We consider modified gravity which may describe the early-time inflation and/or late-time cosmic acceleration of the universe. In particular, we discuss the properties of $F(R)$, $F(G)$, string-inspired and scalar-Einstein-Gauss-Bonnet gravities, including their FRW equations and fluid or scalar-tensor description. Simplest accelerating cosmologies are investigated and possibility of unified descr"
1306.1086,2013-06-05,,Strong lensing constraints on bimetric massive gravity,Jonas Enander; Edvard Mortsell,bimetric,arxiv:bimetric_recent,,"We derive dynamical and gravitational lensing properties of local sources in the Hassan-Rosen bimetric gravity theory. Observations of elliptical galaxies rule out values of the effective length-scale of the theory, in units of the Hubble radius, in the interval 10^-6 < lambda_g/r_H < 10^-3, unless the proportionality constant between the metrics at the background level is far from unity, in which"
1306.0908,2013-06-04,46,Partially massless gravitons do not destroy general relativity black holes,"Brito, Richard; Cardoso, Vitor; Pani, Paolo",bimetric,arxiv:bimetric_recent;inspire:citing_1308.1647,10.1103/PhysRevD.87.124024,Recent nonlinear completions of Fierz-Pauli theory for a massive spin-2 field include nonlinear massive gravity and bimetric theories. The spectrum of black-hole solutions in these theories is rich and comprises the same vacuum solutions of Einstein’s gravity enlarged to include a cosmological constant. It was recently shown that Schwarzschild (de Sitter) black holes in these theories are generica
1306.0647,2013-06-03,42,No consistent bimetric gravity?,"Deser, S.; Sandora, M.; Waldron, A.",bimetric,inspire:citing_1308.1647;inspire:ft_higuchi_varying,10.1103/PhysRevD.88.081501,"Consistency of bimetric gravity relies on its having a gauge invariant, partially massless, limit. However, just as for single metric massive gravity, we argue that no such limit exists."
1306.0004,2013-05-31,122,Bimetric gravity doubly coupled to matter: theory and cosmological implications,"Akrami, Yashar; Koivisto, Tomi S.; Mota, David F.; Sandstad, Marit","bimetric,ghost",inspire:ft_higuchi_varying,10.1088/1475-7516/2013/10/046,"A ghost-free theory of gravity with two dynamical metrics both coupled to matter is shown to be consistent and viable. Its cosmological implications are studied, and the models, in particular in the context of partially massless gravity, are found to explain the cosmic acceleration without resorting to dark energy."
1305.6346,2013-05-27,11,Bouncing cosmologies in massive gravity on de Sitter,"Langlois, David; Naruko, Atsushi",,inspire:citing_1206.3852,10.1088/0264-9381/30/20/205012,"In the framework of massive gravity with a de Sitter reference metric, we study homogeneous and isotropic solutions with positive spatial curvature. Remarkably, we find that bounces can occur when cosmological matter satisfies the strong energy condition, in contrast to what happens in classical general relativity. This is due to the presence in the Friedmann equations of additional terms, which d"
1305.4950,2013-05-21,50,Stability of the Self-accelerating Universe in Massive Gravity,"Khosravi, Nima; Niz, Gustavo; Koyama, Kazuya; Tasinato, Gianmassimo",,inspire:citing_1206.3852,10.1088/1475-7516/2013/08/044,"We study linear perturbations around time dependentspherically symmetric solutions in the Λ3 massive gravitytheory, which self-accelerate in the vacuum. We find that thedynamics of the scalar perturbations depend on the choice of thefiducial metric for the background solutions. For particular choiceof fiducial metric there is a symmetry enhancement, leaving nopropagating scalar degrees of freedom "
1305.4404,2013-05-19,,Semilinear Hyperbolic Equations in Curved Spacetime,Karen Yagdjian,higuchi,arxiv:higuchi_all,,"This is a survey of the author's recent work rather than a broad survey of the literature. The survey is concerned with the global in time solutions of the Cauchy problem for matter waves propagating in the curved spacetimes, which can be, in particular, modeled by cosmological models. We examine the global in time solutions of some class of semililear hyperbolic equations, such as the Klein-Gordo"
,2013-05-16,0,Modified and condensed gravity,"Berkhahn, Felix",ghost,inspire:ft_genhiguchi,,"This doctoral thesis deals with both infrared modifications of gravity and with the recently proposed microscopic picture of black holes. The former subject, i.e. infrared modifications of gravity, denotes a class of theories that typically weaken Einsteins theory of gravity at very large (usually cosmological) distance scales while preserving its successes at smaller distances (in particular with"
1305.2916,2013-05-13,32,Self-accelerating Massive Gravity: How Zweibeins Walk through Determinant Singularities,"Gratia, Pierre; Hu, Wayne; Wyman, Mark",,inspire:citing_1206.3852,10.1088/0264-9381/30/18/184007,The theory of massive gravity possesses ambiguities when the spacetime metric evolves far from the non-dynamical fiducial metric used to define it. We explicitly construct a spherically symmetric example case where the metric evolves to a coordinate-independent determinant singularity which does not exist in the initial conditions. Both the metric and the vierbein formulation of the theory are ill
1304.7240,2013-04-26,483,An introduction to the Vainshtein mechanism,"Babichev, Eugeny; Deffayet, Cédric",ghost,inspire:citing_1206.3852,10.1088/0264-9381/30/18/184001,"We introduce the Vainshtein mechanism which plays a crucial role in massive gravities, as well as in related theories such as Galileons and their extensions. This mechanism, also known as k-mouflage, allows to hide via nonlinear effects—typically for source distances smaller than a so-called Vainshtein radius which depends on the source and on the theory considered—some degrees of freedom whose ef"
1304.5095,2013-04-18,50,Quasidilaton nonlinear massive gravity: Investigations of background cosmological dynamics,"Gannouji, Radouane; Hossain, Md. Wali; Sami, M.; Saridakis, Emmanuel N.",varying,inspire:citing_1206.3852,10.1103/PhysRevD.87.123536,"We investigate cosmological behavior in the quasidilaton nonlinear massive gravity. We perform a detailed dynamical analysis and examine the stable late-time solutions relevant to late-time cosmic acceleration. We demonstrate that a dark-energy-dominated, cosmological-constant-like solution is a late attractor of the dynamics. We also analyze the evolution of the universe at intermediate times, sh"
1304.4780,2013-04-17,8,Thermodynamics of the apparent horizon in massive cosmology,"Li, Hui; Zhang, Yi",,inspire:citing_1206.3852,,"Applying Clausius relation with energy-supply defined by the unified first law of thermodynamics formalism to the apparent horizon of a massive cosmological model proposed lately, the corrected entropic formula of the apparent horizon is obtained with the help of the modified Friedmann equations. This entropy-area relation, together with the identified internal energy, verifies the first law of th"
1304.0601,2013-04-02,63,Exact Solutions in Massive Gravity,"Tasinato, Gianmassimo; Koyama, Kazuya; Niz, Gustavo",,inspire:citing_1206.3852,10.1088/0264-9381/30/18/184002,"Massive gravity is a good theoretical framework to study the modifications of General Relativity. The theory offers a concrete set-up to study models of dark energy, since it admits cosmological self-accelerating solutions in the vacuum, in which the size of the acceleration depends on the graviton mass. Moreover, nonlinear gravitational self-interactions, in the proximity of a matter source, mana"
1304.0484,2013-04-01,101,On the cosmology of massive gravity,"De Felice, Antonio; Gümrükçüoğlu, A.Emir; Lin, Chunshan; Mukohyama, Shinji","higuchi,varying,ghost",arxiv:higuchi_all;arxiv:idlist_2;arxiv:mg_higuchi_cosmo;inspire:citing_1206.3852;inspire:ft_higuchi_varying,10.1088/0264-9381/30/18/184004,"We present a review of cosmological solutions in nonlinear massive gravity, focusing on the stability of perturbations. Although homogeneous and isotropic solutions have been found, these are now known to suffer from either the Higuchi ghost or a new nonlinear ghost instability. We discuss two approaches to alleviate this issue. By relaxing the symmetry of the background by e.g. breaking isotropy "
1304.0449,2013-04-01,91,Cosmological Perturbations in Extended Massive Gravity,"Gümrükçüoğlu, A.Emir; Hinterbichler, Kurt; Lin, Chunshan; Mukohyama, Shinji",varying,inspire:citing_1206.3852,10.1103/PhysRevD.88.024023,"We study cosmological perturbations around self-accelerating solutions to two extensions of nonlinear massive gravity: the quasi-dilaton theory and the mass-varying theory. We examine stability of the cosmological solutions, and the extent to which the vanishing of the kinetic terms for scalar and vector perturbations of self-accelerating solutions in massive gravity is generic when the theory is "
1304.0238,2013-03-31,119,Self-accelerating cosmologies and hairy black holes in ghost-free bigravity and massive gravity,"Volkov, Mikhail S.","bimetric,ghost",arxiv:bimetric_recent;inspire:citing_1206.3852;inspire:ft_higuchi_varying,10.1088/0264-9381/30/18/184009,"We present a survey of the known cosmological and black hole solutions in ghost-free bigravity and massive gravity theories. These can be divided into three classes. First, there are solutions with proportional metrics, which are the same as in General Relativity with a cosmological term, which can be positive, negative or zero. Secondly, for spherically symmetric systems, there are solutions with"
1303.4154,2013-03-18,132,Nonlinear stability of cosmological solutions in massive gravity,"De Felice, Antonio; Gümrükçüoğlu, A.Emir; Lin, Chunshan; Mukohyama, Shinji",ghost,inspire:citing_1206.3852;inspire:ft_higuchi_varying,10.1088/1475-7516/2013/05/035,"We investigate nonlinear stability of two classes of cosmologicalsolutions in massive gravity: isotropic Friedmann-Lemaître-Robertson-Walker (FLRW) solutions and anisotropic FLRWsolutions. For this purpose we construct the linear cosmologicalperturbation theory around axisymmetric Bianchi type-I backgrounds. Wethen expand the background around the two classes of solutions, whichare fixed points of"
1303.2843,2013-03-12,24,Curvature perturbations of quasidilaton nonlinear massive gravity,"Haghani, Zahra; Sepangi, Hamid Reza; Shahidi, Shahab","varying,scalar-coupled",inspire:citing_1206.3852,10.1103/PhysRevD.87.124014,"We study the cosmological perturbations of the recently proposed extension of nonlinear massive gravity with a scalar field. The added scalar field ensures a new symmetry on the field space of the theory. The theory has the property of having a flat de Sitter solution, in contrast to the standard de Rham, Gabadadze and Tolley massive gravity. The tensor part is the same as that of the standard de "
1303.0194,2013-02-28,,Statefinder hierarchy of bimetric and galileon models for concordance cosmology,R. Myrzakulov; M. Shahalam,bimetric,arxiv:bimetric_recent,,"In this paper, we use Statefinder hierarchy method to distinguish between bimetric theory of massive gravity, galileon modified gravity and DGP models applied to late time expansion of the universe. We also carry out comparison between bimetric and DGP models using Statefinder pairs {r, s} and {r, q}. We show that statefinder diagnostic can differentiate between ΛCDM and above mentioned cosmologic"
1302.6407,2013-02-26,34,Oscillating universe in massive gravity,"Zhang, Kaituo; Wu, Puxun; Yu, Hongwei",ghost,inspire:citing_1206.3852,10.1103/PhysRevD.87.063513,"Massive gravity is a modified theory of general relativity. In this paper, we study, using a method in which the scale factor changes as a particle in a “potential,” all possible cosmic evolutions in a ghost-free massive gravity. We find that there exists, in certain circumstances, an oscillating universe or a bouncing one. If the universe starts at the oscillating region, it may undergo a number "
1302.6198,2013-02-25,,Anisotropic universes in the ghost-free bigravity,Kei-ichi Maeda; Mikhail S. Volkov,"bimetric,ghost",arxiv:bimetric_recent,,"We study Bianchi cosmologies in the ghost-free bigravity theory assuming both metrics to be homogeneous and anisotropic, of the Bianchi class A, which includes types I,II,VI$_0$,VII$_0$,VIII, and IX. We assume the universe to contain a radiation and a non-relativistic matter, with the cosmological term mimicked by the graviton mass. We find that, for generic initial values leading to a late-time s"
1302.5268,2013-02-21,,Cosmological constraints on ghost-free bigravity: background dynamics and late-time acceleration,Yashar Akrami; Tomi S. Koivisto; Marit Sandstad,"bimetric,ghost",arxiv:bimetric_recent,,"The recent discovery of a ghost-free, non-linear extension of the Fierz-Pauli theory of massive gravity, and its bigravity formulation, introduced new possibilities of interpreting cosmological observations, in particular, the apparent late-time accelerated expansion of the Universe. Here we discuss such possibilities by studying the background cosmology of the model and comparing its predictions "
1302.2687,2013-02-12,,Massive gravity as a limit of bimetric gravity,Prado Martin-Moruno; Valentina Baccetti; Matt Visser,bimetric,arxiv:bimetric_recent,,"Massive gravity may be viewed as a suitable limit of bimetric gravity. The limiting procedure can lead to an interesting interplay between the ""background"" and ""foreground"" metrics in a cosmological context. The fact that in bimetric theories one always has two sets of metric equations of motion continues to have an effect even in the massive gravity limit. Thus, solutions of bimetric gravity in t"
1302.0025,2013-02,107,Evidence for and obstructions to nonlinear partially massless gravity,"de Rham, Claudia; Hinterbichler, Kurt; Rosen, Rachel A.; Tolley, Andrew J.",ghost,inspire:citing_1206.3852;inspire:citing_1308.1647,10.1103/PhysRevD.88.024003,"Nonlinear partially massless (PM) gravity, if it exists, is a theory of massive gravity in which the graviton has four propagating degrees of freedom. In PM gravity, a scalar gauge symmetry removes one of the five modes of the massive graviton. This symmetry ties the value of the cosmological constant to the mass of the graviton, which in turn can be kept small in a technically natural way. Thus, "
1301.4993,2013-01-21,,Cosmologies of extended massive gravity,Kurt Hinterbichler; James Stokes; Mark Trodden,scalar-coupled,arxiv:idlist_status,,"We study the background cosmology of two extensions of dRGT massive gravity. The first is variable mass massive gravity, where the fixed graviton mass of dRGT is replaced by the expectation value of a scalar field. We ask whether self-inflation can be driven by the self-accelerated branch of this theory, and we find that, while such solutions can exist for a short period, they cannot be sustained "
1301.2334,2013-01,11,Is there vacuum when there is mass? Vacuum and non-vacuum solutions for massive gravity,"Martin-Moruno, Prado; Visser, Matt",,inspire:citing_1206.3852,10.1088/0264-9381/30/15/155021,"Massive gravity is a theory which has a tremendous amount of freedom to describe different cosmologies; but at the same time the various solutions one encounters must fulfill some rather nontrivial constraints. Most of the freedom comes not from the Lagrangian, which contains only a small number of free parameters (typically 3 depending on counting conventions), but from the fact that one is in pr"
1301.4326,2013-01,32,Dynamical analysis of the cosmology of mass-varying massive gravity,"Wu, De-Jun; Piao, Yun-Song; Cai, Yi-Fu","varying,scalar-coupled",arxiv:idlist_2;inspire:citing_1206.3852,10.1016/j.physletb.2013.02.055,"We study cosmological evolutions of the generalized model of nonlinear massive gravity in which the graviton mass is given by a rolling scalar field and is varying along time. By performing dynamical analysis, we derive the critical points of this system and study their stabilities. These critical points can be classified into two categories depending on whether they are identical with the traditi"
1301.7419,2013-01,109,Cosmological behavior in extended nonlinear massive gravity,"Leon, Genly; Saavedra, Joel; Saridakis, Emmanuel N.","varying,scalar-coupled",arxiv:idlist_2;inspire:citing_1206.3852;inspire:ft_higuchi_varying,10.1088/0264-9381/30/13/135001,"We perform a detailed dynamical analysis of various cosmological scenarios in extended (varying-mass) nonlinear massive gravity. Due to the enhanced freedom in choosing the involved free functions, this cosmological paradigm allows for a huge variety of solutions that can attract the universe at late times, comparing to scalar-field cosmology or usual nonlinear massive gravity. Amongst others, it "
1212.2079,2012-12-10,,Variety of cosmic acceleration models from massive $F(R)$ bigravity,Shin'ichi Nojiri; Sergei D. Odintsov; Norihito Shirai,"bimetric,scalar-coupled",arxiv:bimetric_recent,,"We study the accelerating cosmology in massive $F(R)$ bigravity via the reconstruction scheme. The consistent solution of the FRW equations is presented: it includes Big and Little Rip, quintessence, de Sitter and decelerating universes described by the physical $g$ metric while the corresponding solution of the universe described by the reference $f$ metric is also found. It is demonstrated that "
1212.2691,2012-12,10,Vacua and instantons of ghost-free massive gravity,"Park, Minjoon; Sorbo, Lorenzo","bimetric,ghost",inspire:citing_1206.3852,10.1103/PhysRevD.87.024041,"Recently discovered models of ghost-free massive gravity and bigravity are characterized by a nontrivial potential that gives rise to a rich vacuum structure. We review maximally symmetric vacua of the de Rham-Gabadadze-Tolley (dRGT) massive gravity and of the Hassan-Rosen (HR) bigravity and discuss their perturbative stability. In particular, we discuss perturbations about self-accelerating vacua"
1211.1562,2012-11-07,,Bardeen variables and hidden gauge symmetries in linearized massive gravity,Maud Jaccard; Michele Maggiore; Ermis Mitsou,higuchi,arxiv:higuchi_all,,"We give a detailed discussion of the use of the (3+1) decomposition and of Bardeen's variables in massive gravity linearized over a Minkowski as well as over a de Sitter background. In Minkowski space the Bardeen ""potential"" Φ, that in the massless case is a non-radiative degree of freedom, becomes radiative and describes the helicity-0 component of the massive graviton. Its dynamics is governed b"
1211.0214,2012-11-01,,"Bounces, turnarounds and singularities in bimetric gravity",Salvatore Capozziello; Prado Martin-Moruno,bimetric,arxiv:bimetric_recent,,"In this letter, we consider cosmological solutions of bimetric theory without assuming that only one metric is coupled to gravity. We conclude that any cosmology can be described by fixing the matter content of the space that we are not inhabiting. On the other hand, we show that some conclusions can still be extracted independently of the matter content filling both spaces. In particular, we can "
1211.5976,2012-11,31,On Cosmic No-hair in Bimetric Gravity and the Higuchi Bound,"Sakakihara, Yuki; Soda, Jiro; Takahashi, Tomohiro","higuchi,bimetric",arxiv:bimetric_higuchi;arxiv:bimetric_recent;arxiv:higuchi_all;arxiv:idlist_2;arxiv:mg_higuchi_cosmo;inspire:abs_higuchi_bimetric;inspire:citing_1206.3852;inspire:ft_genhiguchi,10.1093/ptep/ptt004,"We study the cosmic no-hair in the presence of spin-2 matter, i.e. in bimetric gravity. We obtain stable de Sitter solutions with the cosmological constant in the physical sector and find evidence that the cosmic no-hair is correct. In the presence of the other cosmological constant, there are two branches of de Sitter solutions. Under homogeneous anisotropic perturbations, one of them is always s"
1211.0563,2012-11,103,Charged black holes in nonlinear massive gravity,"Cai, Yi-Fu; Easson, Damien A.; Gao, Caixia; Saridakis, Emmanuel N.",,inspire:citing_1206.3852,10.1103/PhysRevD.87.064001,"We find static charged black hole solutions in nonlinear massive gravity. In the parameter space of two gravitational potential parameters (α,β) we show that below the Compton wavelength the black hole solutions reduce to that of Reissner-Nordström via the Vainshtein mechanism in the weak-field limit. In the simplest case with α=β=0 the solution exhibits the van Dam-Veltman-Zakharov discontinuity "
1211.5912,2012-11,84,Generating functions of (partially-)massless higher-spin cubic interactions,"Joung, Euihun; Lopez, Luca; Taronna, Massimo",,inspire:citing_1206.3852,10.1007/JHEP01(2013)168,Generating functions encoding cubic interactions of (partially-)massless higher-spin fields are provided within the ambient-space formalism. They satisfy a system of higher-order partial differential equations that can be explicitly solved due to their factorized form. We find that the number of consistent couplings increases whenever the squares of the field masses take some integer values (in un
1210.3627,2012-10,53,Vector instabilities and self-acceleration in the decoupling limit of massive gravity,"Tasinato, Gianmassimo; Koyama, Kazuya; Niz, Gustavo",ghost,inspire:citing_1206.3852,10.1103/PhysRevD.87.064029,"We investigate in detail the vector contributions to the Lagrangian of Λ3 massive gravity in the decoupling limit, the less explored sector of this theory, with the main aim to study the stability of maximally symmetric self-accelerating solutions. Around self-accelerating configurations, vector degrees of freedom become strongly coupled since their kinetic terms vanish; their dynamics is controll"
1210.5396,2012-10,10,Observational constraints on massive gravity,"Gong, Yungui",ghost,inspire:citing_1206.3852,,The ghost free massive gravity modified Friedmann equations at cosmic scale and provided an explanation of cosmic acceleration without dark energy. We analyzed the cosmological solutions of the massive gravity in detail and confronted the cosmological model with current observational data. We found that the model parameters $\alpha_3$ and $\alpha_4$ which are the coefficients of the third and four
1210.6224,2012-10,30,Hawking-Moss instanton in nonlinear massive gravity,"Zhang, Ying-li; Saito, Ryo; Sasaki, Misao",scalar-coupled,inspire:citing_1206.3852,10.1088/1475-7516/2013/02/029,"As a first step toward understanding a lanscape of vacua in a theory of non-linear massive gravity, we consider a landscape of a single scalar field and study tunneling between a pair of adjacent vacua. We study the Hawking-Moss (HM) instanton that sits at a local maximum of the potential, and evaluate the dependence of the tunneling rate on the parameters of the theory. It is found that provided "
1210.6318,2012-10,19,Braneworld solutions from scalar field in bimetric theory,"Bazeia, D.; Brito, F.A.; Costa, F.G.","bimetric,scalar-coupled",inspire:t_bimetric_scalar,10.1103/PhysRevD.87.065007,"We investigate the presence of braneworld solutions in a bimetric theory, with gravity and the scalar field coupling differently. We consider a nonstandard model, with a Cuscuton-like scalar field, and we show how to generate braneworld solutions in this new scenario. In particular, we found no gravitational instabilities for the braneworld solutions."
1209.0457,2012-09,205,Accelerated expansion from ghost-free bigravity: a statistical analysis with improved generality,"Akrami, Yashar; Koivisto, Tomi S.; Sandstad, Marit","bimetric,ghost",arxiv:bimetric_recent;inspire:citing_1206.3852,10.1007/JHEP03(2013)099,"We study the background cosmology of the ghost-free, bimetric theory of gravity. We perform an extensive statistical analysis of the model using both frequentist and Bayesian frameworks and employ the constraints on the expansion history of the Universe from the observations of supernovae, the cosmic microwave background and the large scale structure to estimate the model’s parameters and test the"
1209.3612,2012-09,34,Note About Hamiltonian Formalism for General Non-Linear Massive Gravity Action in Stuckelberg Formalism,"Kluson, Josef",ghost,inspire:citing_1206.3852;inspire:ft_higuchi_varying,10.1142/S0217751X13501601,"In this paper, we try to prove the absence of the ghosts in case of the general non- linear massive gravity action in St ̈uckelberg formalism. W e argue that in order to find the explicit form of the Hamiltonian it is natural to start wi th the general nonlinear massive gravity action [S. F. Hassan and R. A. Rosen, Phys. Rev. Lett. 108 , 041101 (2012), arXiv:1106.3344 [hep-th]]. We perform the com"
1208.1797,2012-08-08,98,On Partially Massless Bimetric Gravity,"Hassan, S.F.; Schmidt-May, Angnis; von Strauss, Mikael","higuchi,bimetric,ghost",arxiv:bimetric_higuchi;arxiv:bimetric_recent;arxiv:higuchi_all;arxiv:idlist_2;inspire:citing_1206.3852,10.1016/j.physletb.2013.09.021,"We extend the notion of the Higuchi bound and partial masslessness to ghost-free nonlinear bimetric theories. This can be achieved in a simple way by first considering linear massive spin-2 perturbations around maximally symmetric background solutions, for which the linear gauge symmetry at the Higuchi bound is easily identified. Then, requiring consistency between an appropriate subset of these t"
1208.1764,2012-08,19,Instability of certain bimetric and massive-gravity theories,"Kuhnel, Florian",bimetric,inspire:citing_1206.3852,10.1103/PhysRevD.88.064024,"Stability about cosmological background solutions to the bimetric Hassan-Rosen theory is studied. The results of this analysis are presented, and it is shown that a large class of cosmological backgrounds is classically unstable. This sets serious doubts on the physical viability of the Hassan-Rosen theory—and in turn also of the de Rham-Gadabaze-Tolley model. A way to overcome this instability by"
1208.3019,2012-08,28,Self-accelerating Solutions in Massive Gravity on Isotropic Reference Metric,"Motohashi, Hayato; Suyama, Teruaki",ghost,inspire:citing_1206.3852,10.1103/PhysRevD.86.081502,"Within the framework of the recently proposed ghost-free massive gravity, a cosmological constant-type self-accelerating solution has been obtained for Minkowski and de Sitter reference metrics. We ease the assumption on the reference metric and find the self-accelerating solution for the reference metric respecting only isotropy, thus considerably extending the range of known solutions."
1208.4163,2012-08,60,"Fab 5: Noncanonical Kinetic Gravity, Self Tuning, and Cosmic Acceleration","Appleby, Stephen A.; De Felice, Antonio; Linder, Eric V.",scalar-coupled,inspire:citing_1206.3852,10.1088/1475-7516/2012/10/060,"We investigate circumstances under which one can generalize Horndeski's most general scalar-tensor theory of gravity. Specifically we demonstrate that a nonlinear combination of purely kinetic gravity terms can give rise to an accelerating universe without the addition of extra propagating degrees of freedom on cosmological backgrounds, and exhibit self tuning to bring a large cosmological constan"
1208.5975,2012-08,77,Gravitational wave signal from massive gravity,"Gumrukcuoglu, A.Emir; Kuroyanagi, Sachiko; Lin, Chunshan; Mukohyama, Shinji",varying,inspire:citing_1206.3852,10.1088/0264-9381/29/23/235026,"We discuss the detectability of gravitational waves with a time dependent mass contribution, by means of the stochastic gravitational wave observations. Such a mass term typically arises in the cosmological solutions of massive gravity theories. We conduct the analysis based on a general quadratic action, and thus the results apply universally to any massive gravity theories in which modification "
1207.5106,2012-07-21,,Ghost-free $F(R)$ bigravity and accelerating cosmology,Shin'ichi Nojiri; Sergei D. Odintsov,"bimetric,scalar-coupled,ghost",arxiv:bimetric_recent,,We propose a bigravity analogue of the $F(R)$ gravity. Our construction is based on recent ghost-free massive bigravity where additional scalar fields are added and the corresponding conformal transformation is implemented. It turns out that $F(R)$ bigravity is easier to formulate in terms of the auxiliary scalars as the explicit presentation in terms of $F(R)$ is quite cumbersome. The consistent 
1207.1800,2012-07,62,Phantom crossing and quintessence limit in extended nonlinear massive gravity,"Saridakis, Emmanuel N.","varying,scalar-coupled",inspire:citing_1206.3852;inspire:ft_genhiguchi;inspire:ft_higuchi_varying,10.1088/0264-9381/30/7/075003,"We investigate the cosmological evolution in a universe governed by the extended, varying-mass, nonlinear massive gravity, in which the graviton mass is promoted to a scalar field. We find that the dynamics, both in flat and open universe, can lead the varying graviton mass to zero at late times, offering a natural explanation for its hugely constrained observed value. Despite the limit of the sce"
1207.2726,2012-07,28,Cosmology in massive gravity,"Gong, Yungui",,inspire:citing_1206.3852,10.1088/0253-6102/59/3/13,We argue that more cosmological solutions in massive gravity can be obtained if the metric tensor and the tensor Σ(μ)(ν) defined by Stückelberg fields take the homogeneous and isotropic form. The standard cosmology with matter and radiation dominations in the past can be recovered and ΛCDM model is easily obtained. The dynamical evolution of the universe is modified at very early times.
1207.3723,2012-07,93,Exact self-accelerating cosmologies in the ghost-free massive gravity -- the detailed derivation,"Volkov, Mikhail S.",ghost,inspire:citing_1206.3852,10.1103/PhysRevD.86.104022,"We present the detailed derivation of the recently announced most general cosmological solution with homogeneous and isotropic metric in the ghost-free massive gravity theory. We use the standard parametrization of the theory in terms of the matrix square root, and then show how the same results are recovered within the tetrad formulation. The solution obtained includes the matter source, it exist"
1207.3786,2012-07,112,Bounce and cyclic cosmology in extended nonlinear massive gravity,"Cai, Yi-Fu; Gao, Caixia; Saridakis, Emmanuel N.",,inspire:citing_1206.3852;inspire:ft_genhiguchi;inspire:ft_higuchi_varying,10.1088/1475-7516/2012/10/048,"We investigate non-singular bounce and cyclic cosmological evolutions in a universe governed by the extended nonlinear massive gravity, in which the graviton mass is promoted to a scalar-field potential. The extra freedom of the theory can lead to certain energy conditions violations and drive cyclicity with two different mechanisms: either with a suitably chosen scalar-field potential under a giv"
1206.5678,2012-06-25,,Mass-Varying Massive Gravity,Qing-Guo Huang; Yun-Song Piao; Shuang-Yong Zhou,"varying,scalar-coupled,ghost",arxiv:idlist_status,,It has recently been shown that the graviton can consistently gain a constant mass without introducing the Boulware-Deser ghost. We propose a gravity model where the graviton mass is set by a scalar field and prove that this model is free of the Boulware-Deser ghost by analyzing its constraint system and showing that two constraints arise. We also initiate the study of the model's cosmic backgroun
1206.4720,2012-06-20,,Gordon and Kerr-Schild ansatze in massive and bimetric gravity,Valentina Baccetti; Prado Martin-Moruno; Matt Visser,"bimetric,ghost",arxiv:bimetric_recent,,"We develop the ""generalized Gordon ansatz"" for the ghost-free versions of both massive and bimetric gravity, an ansatz which is general enough to include almost all spacetimes commonly considered to be physically interesting, and restricted enough to greatly simplify calculations. The ansatz allows explicit calculation of the matrix square root gamma = sqrt{g^{-1} f} appearing as a central feature"
1206.4253,2012-06-19,,Quasi-Dilaton: Theory and Cosmology,Guido D'Amico; Gregory Gabadadze; Lam Hui; David Pirtskhalava,varying,arxiv:idlist_2,,"General Relativity (GR), with or without matter fields, admits a natural extension to a scale invariant theory that requires a dilaton. Here we show that the recently formulated massive GR, minimally coupled to matter, possesses a new global symmetry related to scaling of the reference coordinates w.r.t. the physical ones. The field enforcing this symmetry, dubbed here quasi-dilaton, coincides wit"
1206.3814,2012-06-18,,Null Energy Condition violations in bimetric gravity,Valentina Baccetti; Prado Martin-Moruno; Matt Visser,"bimetric,ghost",arxiv:bimetric_recent,,"We consider the effective stress-energy tensors for the foreground and background sectors in ghost-free bimetric gravity. By considering the symmetries of the theory, we show that the foreground and background null energy conditions (NECs) are strongly anti-correlated. In particular, the NECs can only be simultaneously fulfilled when they saturate, corresponding to foreground and background cosmol"
1206.3496,2012-06-15,,Growth Histories in Bimetric Massive Gravity,Marcus Berg; Igor Buchberger; Jonas Enander; Edvard Mortsell,bimetric,arxiv:bimetric_recent,,"We perform cosmological perturbation theory in Hassan-Rosen bimetric gravity for general homogeneous and isotropic backgrounds. In the de Sitter approximation, we obtain decoupled sets of massless and massive scalar gravitational fluctuations. Matter perturbations then evolve like in Einstein gravity. We perturb the future de Sitter regime by the ratio of matter to dark energy, producing quasi-de "
1206.0728,2012-06-02,,Non-Gaussian signatures of Tachyacoustic Cosmology,Dennis Bessada,bimetric,arxiv:bimetric_recent,,"I investigate non-Gaussian signatures in the context of tachyacoustic cosmology, that is, a noninflationary model with superluminal speed of sound. I calculate the full non-Gaussian amplitude $\mathcal{A}$, its size $f_{\rm NL}$, and corresponding shapes for a red-tilted spectrum of primordial scalar perturbations. Specifically, for cuscuton-like models I show that $f_{\rm NL}\sim {\cal O}(1)$, an"
1206.0239,2012-06-01,,Huygens' Principle for the Klein-Gordon equation in the de Sitter spacetime,Karen Yagdjian,"higuchi,scalar-coupled",arxiv:higuchi_all,,"In this article we prove that the Klein-Gordon equation in the de Sitter spacetime obeys the Huygens' principle only if the physical mass $m$ of the scalar field and the dimension $n\geq 2$ of the spatial variable are tied by the equation $m^2=(n^2-1)/4 $. Moreover, we define the incomplete Huygens' principle, which is the Huygens' principle restricted to the vanishing second initial datum, and th"
1206.2080,2012-06,278,Massive gravity: nonlinear instability of the homogeneous and isotropic universe,"De Felice, Antonio; Gumrukcuoglu, A.Emir; Mukohyama, Shinji",ghost,inspire:citing_1206.3852,10.1103/PhysRevLett.109.171101,"We argue that all homogeneous and isotropic solutions in nonlinear massive gravity are unstable. For this purpose, we study the propagating modes on a Bianchi type--I manifold. We analyze their kinetic terms and dispersion relations as the background manifold approaches the homogeneous and isotropic limit. We show that in this limit, at least one ghost always exists and that its frequency tends to"
1206.2723,2012-06,128,Anisotropic Friedmann-Robertson-Walker universe from nonlinear massive gravity,"Gumrukcuoglu, A.Emir; Lin, Chunshan; Mukohyama, Shinji",,inspire:citing_1206.3852,10.1016/j.physletb.2012.09.049,"Motivated by the recent no-go result of homogeneous and isotropic solutions in the nonlinear massive gravity, we study fixed points of evolution equations for a Bianchi type-I universe. We find a new attractor solution with non-vanishing anisotropy, on which the physical metric is isotropic but the Stückelberg configuration is anisotropic. As a result, at the background level, the solution describ"
1206.6810,2012-06,85,Cosmological solutions of massive gravity on de Sitter,"Langlois, David; Naruko, Atsushi",,inspire:citing_1206.3852,10.1088/0264-9381/29/20/202001,"In the framework of the recently proposed models of massive gravity, defined with respect to a de Sitter reference metric, we obtain new homogeneous and isotropic solutions for arbitrary cosmological matter and arbitrary spatial curvature. These solutions can be classified into three branches. In the first two, the massive gravity terms behave like a cosmological constant. In the third branch, the"
1206.3852,2012-06,160,Cosmological perturbations in Massive Gravity and the Higuchi bound,"Fasiello, Matteo; Tolley, Andrew J.","higuchi,ghost",arxiv:higuchi_all;arxiv:mg_higuchi_cosmo;inspire:ft_genhiguchi;inspire:ft_higuchi_varying,10.1088/1475-7516/2012/11/035,"In de Sitter spacetime there exists an absolute minimum for the mass of a spin-2 field set by the Higuchi bound m^2 \geq 2H^2. We generalize this bound to arbitrary spatially flat FRW geometries in the context of the recently proposed ghost-free models of Massive Gravity with an FRW reference metric, by performing a Hamiltonian analysis for cosmological perturbations. We find that the bound generi"
1205.5713,2012-05-25,,Exact self-accelerating cosmologies in the ghost-free bigravity and massive gravity,Mikhail S. Volkov,"bimetric,ghost",arxiv:bimetric_recent,,"Within the theory of the ghost-free bigravity, we present the most general cosmological solution for which the physical metric is homogeneous and isotropic, while the second metric is inhomogeneous. The solution includes a matter source and exists for any values of the theory parameters. The physical metric describes a universe with the late time acceleration due to the effective cosmological term"
1205.2158,2012-05-10,,Massive gravity from bimetric gravity,Valentina Baccetti; Prado Martin-Moruno; Matt Visser,bimetric,arxiv:bimetric_recent,,"We discuss the subtle relationship between massive gravity and bimetric gravity, focusing particularly on the manner in which massive gravity may be viewed as a suitable limit of bimetric gravity. The limiting procedure is more delicate than currently appreciated. Specifically, this limiting procedure should not unnecessarily constrain the background metric, which must be externally specified by t"
,2012,0,Nonlinear massive gravity and cosmology,"Mukohyama, Shinji",,inspire:citing_1206.3852;inspire:ft_higuchi_varying,,"We review cosmology in the recently proposed nonlinear massive gravity,especially cos-mological solutions and their stabilities."
1111.1655,2011-11-07,,Cosmological Solutions in Bimetric Gravity and their Observational Tests,Mikael von Strauss; Angnis Schmidt-May; Jonas Enander; Edvard Mortsell,bimetric,arxiv:bimetric_recent,,"We obtain the general cosmological evolution equations for a classically consistent theory of bimetric gravity. Their analytic solutions are demonstrated to generically allow for a cosmic evolution starting out from a matter dominated FLRW universe while relaxing towards a de Sitter (anti-de Sitter) phase at late cosmic time. In particular, we examine a subclass of models which contain solutions t"
1111.4107,2011-11,233,Cosmological perturbations of self-accelerating universe in nonlinear massive gravity,"Gumrukcuoglu, A.Emir; Lin, Chunshan; Mukohyama, Shinji",,inspire:ft_higuchi_varying,10.1088/1475-7516/2012/03/006,"We study cosmological perturbations of self-accelerating universe solutions in the recently proposed nonlinear theory of massive gravity, with general matter content. While the broken diffeomorphism invariance implies that there generically are 2 tensor, 2 vector and 2 scalar degrees of freedom in the gravity sector, we find that the scalar and vector degrees have vanishing kinetic terms and nonze"
1109.3224,2011-09-14,,Bigravitational inflation,Vicente Atal; Luis E. Campusano; Gonzalo A. Palma,bimetric,arxiv:bimetric_recent,,"We study the realization of cosmic inflation in bigravity theories. By analyzing the evolution of scalar, vector, and tensor perturbations in de Sitter-like spacetimes, we find strong stability constraints on the class of viable vacua offered by these theories. More specifically, the only stable de Sitter vacua contain two nondecoupled gravitons (one of which is massive) with different maximal pro"
1108.0305,2011-08-01,,Primordial fluctuations and non-Gaussianities from multifield DBI Galileon inflation,Sebastien Renaux-Petel; Shuntaro Mizuno; Kazuya Koyama,"bimetric,ghost",arxiv:bimetric_recent,,We study a cosmological scenario in which the DBI action governing the motion of a D3-brane in a higher-dimensional spacetime is supplemented with an induced gravity term. The latter reduces to the quartic Galileon Lagrangian when the motion of the brane is non-relativistic and we show that it tends to violate the null energy condition and to render cosmological fluctuations ghosts. There nonethel
1106.2476,2011-06-13,,Modified Gravity and Cosmology,Timothy Clifton; Pedro G. Ferreira; Antonio Padilla; Constantinos Skordis,"bimetric,scalar-coupled,ghost",arxiv:bimetric_recent,,"In this review we present a thoroughly comprehensive survey of recent work on modified theories of gravity and their cosmological consequences. Amongst other things, we cover General Relativity, Scalar-Tensor, Einstein-Aether, and Bimetric theories, as well as TeVeS, f(R), general higher-order theories, Horava-Lifschitz gravity, Galileons, Ghost Condensates, and models of extra dimensions includin"
1105.6366,2011-05-31,,Orthogonal non-Gaussianities from Dirac-Born-Infeld Galileon inflation,Sebastien Renaux-Petel,"bimetric,ghost",arxiv:bimetric_recent,,We study the cosmology of the multifield relativistic Galileon model in which an induced gravity term is added to the Dirac-Born-Infeld action. We highlight the physical insight that is gained by employing a bimetric perspective in which the induced gravity and Einstein-Hilbert action are treated on equal footing. We derive the conditions under which a phase of quasi exponential inflation can be s
1105.3735,2011-05,1227,Theoretical Aspects of Massive Gravity,"Hinterbichler, Kurt",ghost,inspire:ft_higuchi_varying,10.1103/RevModPhys.84.671,"Massive gravity has seen a resurgence of interest due to recent progress which has overcome its traditional problems, yielding an avenue for addressing important open questions such as the cosmological constant naturalness problem. The possibility of a massive graviton has been studied on and off for the past 70 years. During this time, curiosities such as the vDVZ discontinuity and the Boulware-D"
1101.5122,2011-01-26,,MD or DM? Modified dynamics at low accelerations vs dark matter,Mordehai Milgrom,bimetric,arxiv:bimetric_recent,,"The MOND paradigm posits a departure from standard Newtonian dynamics, and from General Relativity, in the limit of small accelerations. The resulting modified dynamics aim to account for the mass discrepancies in the universe without non-baryonic dark matter. I briefly review this paradigm with its basic tenets, and its underlying theories--nonrelativistic and relativistic--including a novel, bim"
1012.1271,2010-12-06,,"Quasi-polynomial mixing of the 2D stochastic Ising model with ""plus"" boundary up to criticality",Eyal Lubetzky; Fabio Martinelli; Allan Sly; Fabio Lucio Toninelli,higuchi,arxiv:higuchi_all,,"We considerably improve upon the recent result of Martinelli and Toninelli on the mixing time of Glauber dynamics for the 2D Ising model in a box of side $L$ at low temperature and with random boundary conditions whose distribution $P$ stochastically dominates the extremal plus phase. An important special case is when $P$ is concentrated on the homogeneous all-plus configuration, where the mixing "
1011.4266,2010-11,10,Quantum Aspects of Massive Gravity II: Non-Pauli-Fierz Theory,"Park, Minjoon",ghost,inspire:ft_higuchi_varying,10.1007/JHEP10(2011)130,"We investigate the non-Pauli-Fierz(nPF) theory, a linearized massive gravity with a generic graviton mass term, which has been ignored due to a ghost in its spectrum and the resultant loss of unitarity. We first show that it is possible to use the Lee-Wick mechanism, a unitarization through the decay of a ghost, in order to handle the sixth mode ghost of nPF, and then check for the quantum consist"
1006.3809,2010-06-18,,Cosmological fluctuation growth in bimetric MOND,Mordehai Milgrom,bimetric,arxiv:bimetric_recent,,"I look at the growth of weak density inhomogeneities of nonrelativistic matter, in bimetric-MOND (BIMOND) cosmology. I concentrate on matter-twin-matter-symmetric versions of BIMOND, and assume that, on average, the universe is symmetrically populated in the two sectors. MOND effects are absent in an exactly symmetric universe, apart from the appearance of a cosmological constant, Lambda~(a0/c)^2."
1004.5580,2010-04-30,,Extra polarization states of cosmological gravitational waves in alternative theories of gravity,Marcio E. S. Alves; Oswaldo D. Miranda; Jose C. N. de Araujo,"bimetric,scalar-coupled",arxiv:bimetric_recent,,"Cosmological Gravitational Waves (GWs) are usually associated with the transverse-traceless part of the metric perturbations in the context of the theory of cosmological perturbations. These modes are just the usual polarizations `+' and `x' which appear in the general relativity theory. However, in the majority of the alternative theories of gravity, GWs can present more than these two polarizati"
1004.2684,2010-04-15,,Disformal Scalar Fields and the Dark Sector of the Universe,M. Zumalacarregui; T. S. Koivisto; D. F. Mota; P. Ruiz-Lapuente,"varying,bimetric,scalar-coupled,ghost",arxiv:bimetric_recent;arxiv:bimetric_scalar;arxiv:bimetric_varying,,"Disformal transformations have proven to be very useful to devise models of the dark sector. In the present paper we apply such transformation to a single scalar field theory as a way to drive the field into a slow roll phase. The canonical scalar field Lagrangian, when coupled to a disformal metric, turns out to have relations to bimetric dark matter theories and to describe many specific dark en"
1003.5129,2010-03-26,,Matter Induced Bimetric Actions for Gravity,Elisa Manrique; Martin Reuter; Frank Saueressig,bimetric,arxiv:bimetric_varying,,"The gravitational effective average action is studied in a bimetric truncation with a nontrivial background field dependence, and its renormalization group flow due to a scalar multiplet coupled to gravity is derived. Neglecting the metric contributions to the corresponding beta functions, the analysis of its fixed points reveals that, even on the new enlarged theory space which includes bimetric "
1003.1379,2010-03-06,,Repulsive gravity model for dark energy,Manuel Hohmann; Mattias N. R. Wohlfarth,bimetric,arxiv:bimetric_recent,,"We construct a multimetric gravity theory containing N >= 3 copies of standard model matter and a corresponding number of metrics. In the Newtonian limit, this theory generates attractive gravitational forces within each matter sector, and repulsive forces of the same strength between matter from different sectors. This result demonstrates that the recently proven no-go theorem that forbids gravit"
1002.1448,2010-02-07,,FRW cosmology in Milgrom's bimetric theory of gravity,Timothy Clifton; Thomas G. Zlosnik,bimetric,arxiv:bimetric_recent,,"We consider spatially homogeneous and isotropic Friedmann-Robertson-Walker (FRW) solutions of Milgrom's recently proposed class of bimetric theories of gravity. These theories have two different regimes, corresponding to high and low acceleration. We find simple power-law matter dominated solutions in both, as well as solutions with spatial curvature, and exponentially expanding solutions. In the "
1001.4444,2010-01-25,,Matter and twin matter in bimetric MOND,Mordehai Milgrom,bimetric,arxiv:bimetric_recent,,"Bimetric MOND (BIMOND) theories, propounded recently, predict peculiar gravitational interactions between matter and twin matter (TM). Twin matter is hypothetical matter that might couple directly only to the second metric of the theory. Considerations of cosmology in the BIMOND framework suggest that such TM might exist and copy matter in its attributes. Here I investigate the indirect interactio"
0907.5190,2009-07-29,,Can Massive Gravitons be an Alternative to Dark Energy?,Marcio E. S. Alves; Oswaldo D. Miranda; Jose C. N. de Araujo,bimetric,arxiv:bimetric_recent,,"In this work, we explore some cosmological implications of the model proposed by M. Visser in 1998. In his approach, Visser intends to take in account mass for the graviton by means of an additional bimetric tensor in the Einstein's field equations. Our study has shown that a consistent cosmological model arises from Visser's approach. The most interesting feature is that an accelerated expansion "
0907.2617,2009-07-15,,Bimetric Truncations for Quantum Einstein Gravity and Asymptotic Safety,Elisa Manrique; Martin Reuter,bimetric,arxiv:bimetric_recent;arxiv:bimetric_varying,,"In the average action approach to the quantization of gravity the fundamental requirement of ""background independence"" is met by actually introducing a background metric but leaving it completely arbitrary. The associated Wilsonian renormalization group defines a coarse graining flow on a theory space of functionals which, besides the dynamical metric, depend explicitly on the background metric. A"
0905.1699,2009-05-11,,Lorentz Breaking Massive Gravity in Curved Space,D. Blas; D. Comelli; F. Nesti; L. Pilo,"higuchi,ghost",arxiv:higuchi_all;arxiv:mg_higuchi_cosmo,,"A systematic study of the different phases of Lorentz-breaking massive gravity in a curved background is performed. For tensor and vector modes, the analysis is very close to that of Minkowski space. The most interesting results are in the scalar sector where, generically, there are two propagating degrees of freedom (DOF). While in maximally symmetric spaces ghost-like instabilities are inevitabl"
0905.3391,2009-05,36,Pauli-Fierz Gravitons on Friedmann-Robertson-Walker Background,"Grisa, Luca; Sorbo, Lorenzo","higuchi,scalar-coupled",arxiv:higuchi_all;inspire:ft_genhiguchi,10.1016/j.physletb.2010.02.072,"We derive the Hamiltonian describing Pauli–Fierz massive gravitons on a flat Friedmann–Robertson–Walker (FRW) cosmology in a particular, non-generic effective field theory. The cosmological evolution is driven by a scalar field Φ with an arbitrary potential V(Φ) . The model contains two coupled scalar modes, corresponding to the fluctuations of Φ and to the propagating scalar component of the Paul"
0811.1270,2008-11-08,,A note on bigravity and dark matter,Máximo Bañados; Andrés Gomberoff; Davi C. Rodrigues; Constantinos Skordis,bimetric,arxiv:bimetric_recent,,"We show that a class of bi-gravity theories contain solutions describing dark matter. A particular member of this class is also shown to be equivalent to the Eddington-Born-Infeld gravity, recently proposed as a candidate for dark matter. Bigravity theories also have cosmological de Sitter backgrounds and we find solutions interpolating between matter and acceleration eras."
0809.2996,2008-09-17,,General Massive Spin-2 on de Sitter Background,Gregory Gabadadze; Alberto Iglesias; Yanwen Shang,"higuchi,ghost",arxiv:higuchi_all,,"We study linearized massive gravity on the de Sitter background. With a small-enough graviton mass this may have had relevance to inflation, or the present-day cosmic acceleration. Higuchi has shown that this theory has a ghost as long as the dS curvature exceeds the graviton mass, 2H^2 > m^2; this would entail rapid instabilities. In this work we extend the model and observe that the helicity-0 m"
0807.1689,2008-07,78,Bimetric varying speed of light theories and primordial fluctuations,"Magueijo, Joao",bimetric,arxiv:bimetric_recent;inspire:t_bimetric_scalar,10.1103/PhysRevD.79.043525,"We exhibit a varying speed of light (VSL) theory that implements the recently proposed decaying speed of sound mechanism for generating density fluctuations. We avail ourselves of bimetric VSL theories, where the speed of gravity differs from that of light. We first show that a Dirac-Born-Infeld (DBI) type of $K$-essence has the necessary speed of sound profile to produce (near) scale-invariant fl"
0710.1077,2007-10-04,,The conservation of energy-momentum and the mass for the graviton,M. E. S. Alves; O. D. Miranda; J. C. N. de Araujo,bimetric,arxiv:bimetric_recent,,"In this work we give special attention to the bimetric theory of gravitation with massive gravitons proposed by Visser in 1998. In his theory, a prior background metric is necessary to take in account the massive term. Although in the great part of the astrophysical studies the Minkowski metric is the best choice to the background metric, it is not possible to consider this metric in cosmology. In"
0704.0228,2007-04-02,,"Einstein vs Maxwell: Is gravitation a curvature of space, a field in flat space, or both?",Theo M. Nieuwenhuizen,bimetric,arxiv:bimetric_recent,,"Starting with a field theoretic approach in Minkowski space, the gravitational energy momentum tensor is derived from the Einstein equations in a straightforward manner. This allows to present them as {\it acceleration tensor} = const. $\times$ {\it total energy momentum tensor}. For flat space cosmology the gravitational energy is negative and cancels the material energy. In the relativistic theo"
hep-th/0508163,2005-08-22,,Global structure of bigravity solutions,Diego Blas; Cedric Deffayet; Jaume Garriga,bimetric,arxiv:bimetric_recent,,"We discuss the causal diagrams of static and spherically symmetric bigravity vacuum solutions, with interacting metrics $f$ and $g$. Such solutions can be classified into type I (or ""non-diagonal"") and type II (or ""diagonal""). The general solution of type I is known, and leads to metrics $f$ and $g$ in the Schwarzschild-(Anti)de Sitter family. The two metrics are not always diagonalizable in the s"
gr-qc/0404066,2004-04-15,,Variable Speed of Light Cosmology and Bimetric Gravity: An Alternative to Standard Inflation,J. W. Moffat,"bimetric,scalar-coupled",arxiv:bimetric_recent,,A scalar-tensor bimetric gravity model of early universe cosmology is reviewed. The metric frame with a variable speed of light (VSL) and a constant speed of gravitational waves is used to describe a Friedmann-Robertson-Walker universe. The Friedmann equations are solved for a radiation dominated equation of state and the power spectrum is predicted to be scale invariant with a scalar mode spectra
hep-th/0402079,2004-02-10,,Ghost-free braneworld bigravity,Antonio Padilla,"bimetric,ghost",arxiv:bimetric_recent,,"We consider a generalisation of the DGP model, by adding a second brane with localised curvature, and allowing for a bulk cosmological constant and brane tensions. We study radion and graviton fluctuations in detail, enabling us to check for ghosts and tachyons. By tuning our parameters accordingly, we find bigravity models that are free from ghosts and tachyons. These models will lead to large di"
q-bio/0402018,2004-02-09,,Dynamics of heterodimeric kinesins and cooperation of kinesins,Ping Xie; Shuo-Xing Dou; Peng-Ye Wang,higuchi,arxiv:higuchi_all,,"Using the model for the processive movement of a dimeric kinesin we proposed before, we study the dynamics of a number of mutant homodimeric and heterodimeric kinesins that were constructed by Kaseda et al. (Kaseda, K., Higuchi, H. and Hirose, K. PNAS 99, 16058 (2002)). The theoretical results of ATPase rate per head, moving velocity, and stall force of the motors show good agreement with the expe"
astro-ph/0305457,2003-05-23,,New varying speed of light theories,Joao Magueijo,bimetric,arxiv:bimetric_recent,,"We review recent work on the possibility of a varying speed of light (VSL). We start by discussing the physical meaning of a varying $c$, dispelling the myth that the constancy of $c$ is a matter of logical consistency. We then summarize the main VSL mechanisms proposed so far: hard breaking of Lorentz invariance; bimetric theories (where the speeds of gravity and light are not the same); locally "
hep-th/0206044,2002-06-05,,Non-linear bigravity and cosmic acceleration,Thibault Damour; Ian I. Kogan; Antonios Papazoglou,"bimetric,scalar-coupled",arxiv:bimetric_recent,,"We explore the cosmological solutions of classes of non-linear bigravity theories. These theories are defined by effective four-dimensional Lagrangians describing the coupled dynamics of two metric tensors, and containing, in the linearized limit, both a massless graviton and an ultralight one. We focus on two paradigmatic cases: the case where the coupling between the two metrics is given by a Pa"
hep-th/0206042,2002-06,184,Effective Lagrangians and universality classes of nonlinear bigravity,"Damour, Thibault; Kogan, Ian I.",bimetric,inspire:ft_higuchi_varying,10.1103/PhysRevD.66.104024,"We discuss the fully non-linear formulation of multigravity. The concept of universality classes of effective Lagrangians describing bigravity, which is the simplest form of multigravity, is introduced. We show that non-linear multigravity theories can naturally arise in several different physical contexts: brane configurations, certain Kaluza-Klein reductions and some non-commutative geometry mod"
gr-qc/0203062,2002-03-19,,Bimetric Gravitation and Cosmology in Five Dimension,G S Khadekar; Bavana Butey,bimetric,arxiv:bimetric_recent,,"Lee. et.al. (1976) analysed the bimetric theory with the help of parameterized post Newtonian (PPN) formalism. They found that the post Newtonian limit of the theory is identical with that of general theory of relativity except for their PPN parameter $α_{2}$, on the basis of cosmological considerations. In the present paper it is pointed out that feasibility of such considerations are doubtful in"
hep-th/0203145,2002-03-15,,Variable-Speed-of-Light Cosmology and Second Law of Thermodynamics,Donam Youm,bimetric,arxiv:bimetric_recent,,"We examine whether the cosmologies with varying speed of light (VSL) are compatible with the second law of thermodynamics. We find that the VSL cosmology with varying fundamental constant is severely constrained by the second law of thermodynamics, whereas the bimetric cosmological models are less constrained."
astro-ph/0203164,2002-03,17,Fluctuation spectrum from a scalar tensor bimetric gravity theory,"Clayton, M.A.; Moffat, J.W.","bimetric,scalar-coupled",inspire:t_bimetric_scalar,10.1142/S0218271803003098,"Predictions of the CMB spectrum from a bimetric gravity theory (gr-qc/0101126) are presented. The initial inflationary period in BGT is driven by a vanishingly small speed of gravitational waves v_g in the very early universe. This initial inflationary period is insensitive to the choice of scalar field potential and initial values of the scalar field. After this initial period of inflation, v_g w"
gr-qc/0202012,2002-02,38,"Bimetric gravity theory, varying speed of light and the dimming of supernovae","Moffat, J.W.","bimetric,scalar-coupled",arxiv:bimetric_recent;inspire:t_bimetric_scalar,10.1142/S0218271803002366,"In the bimetric scalar-tensor gravitational theory there are two frames associated with the two metrics {\hat g}_{\mu\nu} and g_{\mu\nu}, which are linked by the gradients of a scalar field \phi. The choice of a comoving frame for the metric {\hat g}_{\mu\nu} or g_{\mu\nu} has fundamental consequences for local observers in either metric spacetimes, while maintaining diffeomorphism invariance. Whe"
hep-th/0108073,2001-08,10,A Scalar tensor bimetric brane world cosmology,"Youm, Donam","bimetric,scalar-coupled",arxiv:bimetric_recent;inspire:t_bimetric_scalar,10.1103/PhysRevD.65.025008,"We study a scalar-tensor bimetric cosmology in the Randall-Sundrum model with one positive tension brane, where the biscalar field is assumed to be confined on the brane. The effective Friedmann equations on the brane are obtained and analyzed. We comment on resolution of cosmological problems in this bimetric model."
hep-th/0102194,2001-02-27,,Variable-Speed-of-Light Cosmology from Brane World Scenario,Donam Youm,bimetric,arxiv:bimetric_recent,,"We argue that the four-dimensional universe on the TeV brane of the Randall-Sundrum scenario takes the bimetric structure of Clayton and Moffat, with gravitons traveling faster than photons instead, while the radion varies with time. We show that such brane world bimetric model can thereby solve the flatness and the cosmological constant problems, provided the speed of a graviton decreases to the "
gr-qc/0101126,2001-01-31,,A scalar-tensor cosmological model with dynamical light velocity,M. A. Clayton; J. W. Moffat,"bimetric,scalar-coupled",arxiv:bimetric_recent,,The dynamical consequences of a bimetric scalar-tensor theory of gravity with a dynamical light speed are investigated in a cosmological setting. The model consists of a minimally-coupled self-gravitating scalar field coupled to ordinary matter fields in the standard way through the metric: $\metric_{μν}+B\partial_μφ\partial_νφ$. We show that in a universe with matter that has a radiation-dominate
gr-qc/0101058,2001-01-16,,Slightly Bimetric Gravitation,J. Brian Pitts; W. C. Schieve,"bimetric,scalar-coupled",arxiv:bimetric_recent,,"The inclusion of a flat metric tensor in gravitation permits the formulation of a gravitational stress-energy tensor and the formal derivation of general relativity from a linear theory in flat spacetime. Building on the works of Kraichnan and Deser, we present such a derivation using universal coupling and gauge invariance. Next we slightly weaken the assumptions of universal coupling and gauge i"
,2001,1,Does a scalar meson field represent an irrotational perfect fluid in bimetric theory?,"Mohanty, G.; Sahoo, P.K.",bimetric,inspire:t_bimetric_scalar,,
hep-th/0011141,2000-11-15,,A new bigravity model with exclusively positive branes,Ian I. Kogan; Stavros Mouslopoulos; Antonios Papazoglou,"bimetric,ghost",arxiv:bimetric_recent,,"We propose a new ``bigravity'' model with two positive tension AdS_4 branes in AdS_5 bulk and no negative tension branes. The bounce of the ``warp'' factor mimics the effect of a negative brane and thus gives rise to an anomalously light graviton KK mode. This configuration satisfies the weak energy condition and has no ghost state. In addition, the extra polarization states of the massive gravito"
astro-ph/0003444,2000-03-29,,New Developments in Cosmology,J. W. Moffat,bimetric,arxiv:bimetric_recent,,A brief review is given of the present observational data in cosmology. A review of a new bimetric gravity theory with multiple light cones is presented. The physical consequences of this gravity theory for the early universe are analyzed.
gr-qc/9911057,1999-11-16,,Accelerated Expansion as Predicted by an Ether Theory of Gravitation,Mayeul Arminjon,bimetric,arxiv:bimetric_recent,,"Cosmology is investigated within a new, scalar theory of gravitation, which is a preferred-frame bimetric theory with flat background metric. Before coming to cosmology, the motivation for an "" ether theory "" is exposed at length; the investigated concept of ether is presented: it is a compressible fluid, and gravity is seen as Archimedes' thrust due to the pressure gradient in that fluid. The con"
